input_file_name	gene_symbol	gene_name	reference_database_name	reference_database_version	reference_accession	analysis_software_name	analysis_software_version	genetic_variation_type	antimicrobial_agent	coverage_percentage	coverage_depth	coverage_ratio	drug_class	input_gene_length	input_gene_start	input_gene_stop	input_protein_length	input_protein_start	input_protein_stop	input_sequence_id	nucleotide_mutation	nucleotide_mutation_interpretation	predicted_phenotype	predicted_phenotype_confidence_level	amino_acid_mutation	amino_acid_mutation_interpretation	reference_gene_length	reference_gene_start	reference_gene_stop	reference_protein_length	reference_protein_start	reference_protein_stop	resistance_mechanism	strand_orientation	sequence_identity
CCI165_S85_contigs	(AGly)aadA1-pm	(AGly)aadA1-pm	argannot	1.0.0	JQ690540:7968-8798	abricate	1.0.1	gene_presence_detected		96.51					451	1252				CCI165_S85_contig_74														-	99.88
CCI165_S85_contigs	(AGly)strA	(AGly)strA	argannot	1.0.0	AB366441:22458-23261	abricate	1.0.1	gene_presence_detected		100.0					3274	4077				CCI165_S85_contig_59														-	100.0
CCI165_S85_contigs	(AGly)strB	(AGly)strB	argannot	1.0.0	FJ474091:264-1100	abricate	1.0.1	gene_presence_detected		100.0					2438	3274				CCI165_S85_contig_59														-	100.0
CCI165_S85_contigs	(Bla)Penicillin_Binding_Protein_Ecoli	(Bla)Penicillin_Binding_Protein_Ecoli	argannot	1.0.0	CP002291:664439-666340	abricate	1.0.1	gene_presence_detected		100.0					396943	398844				CCI165_S85_contig_1														+	81.6
CCI165_S85_contigs	(Bla)ampH	(Bla)ampH	argannot	1.0.0	CP003785:4208384-4209544	abricate	1.0.1	gene_presence_detected		100.0					193201	194361				CCI165_S85_contig_4														+	95.95
CCI165_S85_contigs	(Bla)blaOKP-B-17	(Bla)blaOKP-B-17	argannot	1.0.0	AM850919:25-885	abricate	1.0.1	gene_presence_detected		99.88					263329	264188				CCI165_S85_contig_2														-	100.0
CCI165_S85_contigs	(Fcyn)FosA5	(Fcyn)FosA5	argannot	1.0.0	KP143090:1200-1619	abricate	1.0.1	gene_presence_detected		100.0					127705	128124				CCI165_S85_contig_13														-	93.33
CCI165_S85_contigs	(Flq)OqxA	(Flq)OqxA	argannot	1.0.0	EU370913:46652-47827	abricate	1.0.1	gene_presence_detected		100.0					44086	45261				CCI165_S85_contig_8														+	93.62
CCI165_S85_contigs	(Flq)OqxBgb	(Flq)OqxBgb	argannot	1.0.0	EU370913:47851-51003	abricate	1.0.1	gene_presence_detected		100.0					45285	48437				CCI165_S85_contig_8														+	95.4
CCI165_S85_contigs	(Sul)sul2	(Sul)sul2	argannot	1.0.0	EU360945:1617-2432	abricate	1.0.1	gene_presence_detected		100.0					4351	5166				CCI165_S85_contig_63														-	100.0
CCI165_S85_contigs	(Tmt)dfrA1	(Tmt)dfrA1	argannot	1.0.0	JQ794607:474	abricate	1.0.1	gene_presence_detected		100.0					1335	1808				CCI165_S85_contig_74														-	99.79
CCI165_S85_contigs	APH(3'')-Ib	APH(3'')-Ib is an aminoglycoside phosphotransferase encoded by plasmids transposons integrative conjugative elements and chromosomes in Enterobacteriaceae and Pseudomonas spp.	card	1.0.0	AF313472.2:15593-16397	abricate	1.0.1	gene_presence_detected		100.0			aminoglycoside		3274	4077				CCI165_S85_contig_59														-	99.88
CCI165_S85_contigs	APH(6)-Id	APH(6)-Id is an aminoglycoside phosphotransferase encoded by plasmids integrative conjugative elements and chromosomal genomic islands in K. pneumoniae Salmonella spp. E. coli Shigella flexneri Providencia alcalifaciens Pseudomonas spp. V. cholerae Edwardsiella tarda Pasteurella multocida and Aeromonas bestiarum.	card	1.0.0	AF024602.1:3155-3992	abricate	1.0.1	gene_presence_detected		100.0			aminoglycoside		2438	3274				CCI165_S85_contig_59														-	99.88
CCI165_S85_contigs	ArnT	ArnT is involved in Cell Wall Biosynthesis specifically 4-amino-4-deoxy-L-arabinose (Ara4N). It confers resistance to peptide antibiotics.	card	1.0.0	FO834906.1:304977-306633	abricate	1.0.1	gene_presence_detected		100.0			peptide		127290	128945				CCI165_S85_contig_16														-	94.63
CCI165_S85_contigs	CRP	CRP is a global regulator that represses MdtEF multidrug efflux pump expression.	card	1.0.0	AP009048.1:4154296-4153663	abricate	1.0.1	gene_presence_detected		100.0			fluoroquinolone;macrolide;penam		15138	15770				CCI165_S85_contig_16														+	87.36
CCI165_S85_contigs	FosA6	FosA6 is a plasmid-encoded enzyme that confers resistance to fosfomycin in Escherichia coli by breaking the epoxide ring of the molecule.	card	1.0.0	KU254579.1:59421-59841	abricate	1.0.1	gene_presence_detected		100.0			phosphonic_acid		127705	128124				CCI165_S85_contig_13														-	93.33
CCI165_S85_contigs	H-NS	H-NS is a histone-like protein involved in global gene regulation in Gram-negative bacteria. It is a repressor of the membrane fusion protein genes acrE mdtE and emrK as well as nearby genes of many RND-type multidrug exporters.	card	1.0.0	BA000007.3:1738104-1737690	abricate	1.0.1	gene_presence_detected		97.83			cephalosporin;cephamycin;fluoroquinolone;macrolide;penam;tetracycline		196545	196949				CCI165_S85_contig_3														+	87.16
CCI165_S85_contigs	Klebsiella_pneumoniae_KpnE	KpnE subunit of KpnEF resembles EbrAB from E. coli. Mutation in KpnEF resulted in increased susceptibility to cefepime ceftriaxon colistin erythromycin rifampin tetracycline and streptomycin as well as enhanced sensitivity toward sodium dodecyl sulfate deoxycholate dyes benzalkonium chloride chlorhexidine and triclosan.	card	1.0.0	AP006725.1:2483889-2484252	abricate	1.0.1	gene_presence_detected		100.0			aminoglycoside;cephalosporin;disinfecting_agents_and_antiseptics;macrolide;peptide;rifamycin;tetracycline		220754	221116				CCI165_S85_contig_2														+	89.26
CCI165_S85_contigs	Klebsiella_pneumoniae_KpnF	KpnF subunit of KpnEF resembles EbrAB from E. coli. Mutation in KpnEF resulted in increased susceptibility to cefepime ceftriaxon colistin erythromycin rifampin tetracycline and streptomycin as well as enhanced sensitivity toward sodium dodecyl sulfate deoxycholate dyes benzalkonium chloride chlorhexidine and triclosan.	card	1.0.0	AP006725.1:2484238-2484568	abricate	1.0.1	gene_presence_detected		100.0			aminoglycoside;cephalosporin;disinfecting_agents_and_antiseptics;macrolide;peptide;rifamycin;tetracycline		221103	221432				CCI165_S85_contig_2														+	93.03
CCI165_S85_contigs	Klebsiella_pneumoniae_KpnG	KpnG consists of ~390 residues and resembles EmrA of E. coli. Disruption of the pump components KpnG-KpnH signficantly decrease resistance to azithromycin ceftazidime ciprofloxacin ertapenem erythromycin gentamicin imipenem ticarcillin norfloxacin polymyxin-B piperacillin spectinomycin tobramycin and streptomycin.	card	1.0.0	ACWO01000051.1:22092-23265	abricate	1.0.1	gene_presence_detected		100.0			aminoglycoside;carbapenem;cephalosporin;fluoroquinolone;macrolide;penam;penem;peptide		112303	113475				CCI165_S85_contig_8														+	94.63
CCI165_S85_contigs	Klebsiella_pneumoniae_KpnH	KpnH consists of ~511 residues resembles EmrB of E. coli and is probably a translocase in the KpnGH-TolC efflux protein in K. pneumoniae. Disruption of the pump components KpnG-KpnH signficantly decrease resistance to azithromycin ceftazidime ciprofloxacin ertapenem erythromycin gentamicin imipenem ticarcillin norfloxacin polymyxin-B piperacillin spectinomycin tobramycin and streptomycin.	card	1.0.0	ASTU01000063.1:61248-62787	abricate	1.0.1	gene_presence_detected		100.0			aminoglycoside;carbapenem;cephalosporin;fluoroquinolone;macrolide;penam;penem;peptide		113491	115029				CCI165_S85_contig_8														+	84.34
CCI165_S85_contigs	Klebsiella_pneumoniae_OmpK37	Klebsiella pneumoniae outer membrane porin protein. Is preferentially detected in porin-deficient strains. Functional characterization of this new porin revealed a narrower pore than those of porins OmpK35 and OmpK36 which did not allow penetration by certain beta-lactams. Also when a resistant strain expresses porin OmpK37 is less susceptible to cefotaxime and cefoxitin than when it is expressing either OmpK36 or OmpK35.	card	1.0.0	AJ011502.1:300-1425	abricate	1.0.1	gene_presence_detected		100.0			carbapenem;cephalosporin;cephamycin;monobactam;penam;penem		6858	7982				CCI165_S85_contig_35														-	92.71
CCI165_S85_contigs	Klebsiella_pneumoniae_acrA	AcrA is a subunit of the AcrAB multidrug efflux system that is found in K. pneumoniae which is encoded by the acrRAB operon.	card	1.0.0	AJ318073.1:793-1990	abricate	1.0.1	gene_presence_detected		99.75			cephalosporin;disinfecting_agents_and_antiseptics;fluoroquinolone;glycylcycline;penam;phenicol;rifamycin;tetracycline		63059	64252				CCI165_S85_contig_4														+	94.9
CCI165_S85_contigs	LptD	LptD is involved in LPS transport in a ABC Transporter efflux system. It confers resistance to rifamycin aminocoumarin and peptide antibiotics.	card	1.0.0	CP007727.1:809555-807206	abricate	1.0.1	gene_presence_detected		100.0			aminocoumarin;carbapenem;peptide;rifamycin		20752	23100				CCI165_S85_contig_12														-	95.78
CCI165_S85_contigs	MdtQ	MdtQ is a putative multidrug resistance outer membrane protein found in carbapenem-resistant Klebsiella pneumoniae.	card	1.0.0	CP133868.1:5053037-5051597	abricate	1.0.1	gene_presence_detected		100.0			carbapenem;cephalosporin;cephamycin;monobactam;penam;penem		100957	102396				CCI165_S85_contig_19														-	92.92
CCI165_S85_contigs	OKP-B-17	OKP-B-17 is a beta-lactamase found in Klebsiella pneumoniae.	card	1.0.0	AM850919.2:24-885	abricate	1.0.1	gene_presence_detected		99.88			cephalosporin;penam		263329	264188				CCI165_S85_contig_2														-	100.0
CCI165_S85_contigs	OmpA	OmpA is a porin that confers resistance to beta-lactam antibiotics.	card	1.0.0	FO834906.1:2175099-2173974	abricate	1.0.1	gene_presence_detected		100.0			peptide		55967	57091				CCI165_S85_contig_1														+	97.96
CCI165_S85_contigs	aadA	ANT(3'')-Ia is an aminoglycoside nucleotidyltransferase gene encoded by plasmids transposons integrons in Enterobacteriaceae A. baumannii P. aeruginosa and Vibrio cholerae.	card	1.0.0	AF550679.1:81768-80976	abricate	1.0.1	gene_presence_detected		100.0			aminoglycoside		451	1242				CCI165_S85_contig_74														-	99.75
CCI165_S85_contigs	acrB	Protein subunit of AcrA-AcrB-TolC multidrug efflux complex. AcrB functions as a herterotrimer which forms the inner membrane component and is primarily responsible for substrate recognition and energy transduction by acting as a drug/proton antiporter.	card	1.0.0	U00096.3:484403-481253	abricate	1.0.1	gene_presence_detected		99.84			cephalosporin;disinfecting_agents_and_antiseptics;fluoroquinolone;glycylcycline;penam;phenicol;rifamycin;tetracycline		64275	67419				CCI165_S85_contig_4														+	83.58
CCI165_S85_contigs	acrD	AcrD is an aminoglycoside efflux pump expressed in E. coli. Its expression can be induced by indole and is regulated by baeRS and cpxAR.	card	1.0.0	AP009048.1:2586250-2589364	abricate	1.0.1	gene_presence_detected		99.97			aminoglycoside		104600	107713				CCI165_S85_contig_15														-	80.64
CCI165_S85_contigs	bacA	The bacA gene product (BacA) recycles undecaprenyl pyrophosphate during cell wall biosynthesis which confers resistance to bacitracin.	card	1.0.0	U00096.3:3204131-3203309	abricate	1.0.1	gene_presence_detected		100.0			peptide		50473	51294				CCI165_S85_contig_11														-	80.41
CCI165_S85_contigs	cpxA	CpxA is a membrane-localized sensor kinase that is activated by envelope stress. It starts a kinase cascade that activates CpxR which promotes efflux complex expression.	card	1.0.0	BA000007.3:4905062-4903688	abricate	1.0.1	gene_presence_detected		99.49			aminocoumarin;aminoglycoside		41061	42427				CCI165_S85_contig_21														+	81.56
CCI165_S85_contigs	dfrA1	dfrA1 is an integron-encoded dihydrofolate reductase.	card	1.0.0	KJ541681.1:19526-20000	abricate	1.0.1	gene_presence_detected		100.0			diaminopyrimidine		1335	1808				CCI165_S85_contig_74														-	100.0
CCI165_S85_contigs	emrR	EmrR is a negative regulator for the EmrAB-TolC multidrug efflux pump in E. coli. Mutations lead to EmrAB-TolC overexpression.	card	1.0.0	U00096.3:2810769-2811300	abricate	1.0.1	gene_presence_detected		96.05			fluoroquinolone		111647	112156				CCI165_S85_contig_8														+	83.33
CCI165_S85_contigs	eptB	eptB is a phosphoethanolamine transferase. It confers resistance to peptide antibiotics.	card	1.0.0	FO203501.1:5123640-5125365	abricate	1.0.1	gene_presence_detected		99.94			peptide		135724	137447				CCI165_S85_contig_7														+	94.43
CCI165_S85_contigs	marA	In the presence of antibiotic stress E. coli overexpresses the global activator protein MarA which besides inducing MDR efflux pump AcrAB also down- regulates synthesis of the porin OmpF.	card	1.0.0	AP009048.1:1621287-1621671	abricate	1.0.1	gene_presence_detected		96.09			carbapenem;cephalosporin;cephamycin;disinfecting_agents_and_antiseptics;fluoroquinolone;glycylcycline;monobactam;penam;penem;phenicol;rifamycin;tetracycline		284303	284671				CCI165_S85_contig_2														-	81.57
CCI165_S85_contigs	mdtB	MdtB is a transporter that forms a heteromultimer complex with MdtC to form a multidrug transporter. MdtBC is part of the MdtABC-TolC efflux complex.	card	1.0.0	U00096.1:2155262-2158385	abricate	1.0.1	gene_presence_detected		99.94			aminocoumarin		37630	40752				CCI165_S85_contig_19														+	80.86
CCI165_S85_contigs	mdtC	MdtC is a transporter that forms a heteromultimer complex with MdtB to form a multidrug transporter. MdtBC is part of the MdtABC-TolC efflux complex. In the absence of MdtB MdtC can form a homomultimer complex that results in a functioning efflux complex with a narrower drug specificity. mdtC corresponds to 3 loci in Pseudomonas aeruginosa PAO1 (gene name: muxC/muxB) and 3 loci in Pseudomonas aeruginosa LESB58.	card	1.0.0	U00096.1:2158385-2161463	abricate	1.0.1	gene_presence_detected		100.0			aminocoumarin		40753	43830				CCI165_S85_contig_19														+	81.9
CCI165_S85_contigs	msbA	MsbA is a multidrug resistance transporter homolog from E. coli and belongs to a superfamily of transporters that contain an adenosine triphosphate (ATP) binding cassette (ABC) which is also called a nucleotide-binding domain (NBD). MsbA is a member of the MDR-ABC transporter group by sequence homology. MsbA transports lipid A a major component of the bacterial outer cell membrane and is the only bacterial ABC transporter that is essential for cell viability.	card	1.0.0	U00096.3:966620-968369	abricate	1.0.1	gene_presence_detected		100.0			nitroimidazole		100631	102379				CCI165_S85_contig_1														-	80.96
CCI165_S85_contigs	oqxA	RND efflux pump conferring resistance to fluoroquinolone.	card	1.0.0	EU370913.1:46651-47827	abricate	1.0.1	gene_presence_detected		100.0			diaminopyrimidine;fluoroquinolone;glycylcycline;nitrofuran;tetracycline		44086	45261				CCI165_S85_contig_8														+	93.62
CCI165_S85_contigs	oqxB	RND efflux pump conferring resistance to fluoroquinolone.	card	1.0.0	EU370913.1:47850-51003	abricate	1.0.1	gene_presence_detected		100.0			diaminopyrimidine;fluoroquinolone;glycylcycline;nitrofuran;tetracycline		45285	48437				CCI165_S85_contig_8														+	95.4
CCI165_S85_contigs	qacEdelta1	QacEdelta1 is a resistance gene conferring resistance to antiseptics. It is different from QacE only at the 3'-terminus.	card	1.0.0	U49101.1:1490-1838	abricate	1.0.1	gene_presence_detected		82.47			disinfecting_agents_and_antiseptics		1	287				CCI165_S85_contig_74														-	100.0
CCI165_S85_contigs	ramA	RamA (resistance antibiotic multiple) is a positive regulator of AcrAB-TolC and leads to high level multidrug resistance in Klebsiella pneumoniae Salmonella enterica and Enterobacter aerugenes increasing the expression of both the mar operon as well as AcrAB. RamA also decreases OmpF expression.	card	1.0.0	JQ727668.1:0-375	abricate	1.0.1	gene_presence_detected		94.4			carbapenem;cephalosporin;cephamycin;disinfecting_agents_and_antiseptics;fluoroquinolone;glycylcycline;monobactam;penam;penem;phenicol;rifamycin;tetracycline		531787	532140				CCI165_S85_contig_1														-	80.28
CCI165_S85_contigs	sul2	Sul2 is a sulfonamide resistant dihydropteroate synthase of Gram-negative bacteria usually found on small plasmids.	card	1.0.0	AY055428.1:21084-20268	abricate	1.0.1	gene_presence_detected		100.0			sulfonamide		4351	5166				CCI165_S85_contig_63														-	100.0
CCI165_S85_contigs	aadA1	ANT(3'')-Ia family aminoglycoside nucleotidyltransferase AadA1	ncbi	1.0.0	NG_052230.1	abricate	1.0.1	gene_presence_detected		100.0			STREPTOMYCIN		451	1242				CCI165_S85_contig_74														-	99.87
CCI165_S85_contigs	aph(3'')-Ib	aminoglycoside O-phosphotransferase APH(3'')-Ib	ncbi	1.0.0	NG_047413.1	abricate	1.0.1	gene_presence_detected		99.88			STREPTOMYCIN		3274	4076				CCI165_S85_contig_59														-	100.0
CCI165_S85_contigs	aph(6)-Id	aminoglycoside O-phosphotransferase APH(6)-Id	ncbi	1.0.0	NG_047464.1	abricate	1.0.1	gene_presence_detected		100.0			STREPTOMYCIN		2438	3274				CCI165_S85_contig_59														-	100.0
CCI165_S85_contigs	blaOKP-B-17	broad-spectrum class A beta-lactamase OKP-B-17	ncbi	1.0.0	NG_049374.1	abricate	1.0.1	gene_presence_detected		99.88			BETA-LACTAM		263329	264188				CCI165_S85_contig_2														-	100.0
CCI165_S85_contigs	dfrA1	trimethoprim-resistant dihydrofolate reductase DfrA1	ncbi	1.0.0	NG_047677.1	abricate	1.0.1	gene_presence_detected		100.0			TRIMETHOPRIM		1335	1808				CCI165_S85_contig_74														-	99.79
CCI165_S85_contigs	fosA9	fosfomycin resistance glutathione transferase FosA9	ncbi	1.0.0	NG_076845.1	abricate	1.0.1	gene_presence_detected		100.0			FOSFOMYCIN		127705	128124				CCI165_S85_contig_13														-	94.52
CCI165_S85_contigs	oqxA10	multidrug efflux RND transporter periplasmic adaptor subunit OqxA10	ncbi	1.0.0	NG_050418.1	abricate	1.0.1	gene_presence_detected		100.0			PHENICOL;QUINOLONE		44086	45261				CCI165_S85_contig_8														+	93.88
CCI165_S85_contigs	oqxB11	multidrug efflux RND transporter permease subunit OqxB11	ncbi	1.0.0	NG_050429.1	abricate	1.0.1	gene_presence_detected		100.0			PHENICOL;QUINOLONE		45285	48437				CCI165_S85_contig_8														+	96.0
CCI165_S85_contigs	sul2	sulfonamide-resistant dihydropteroate synthase Sul2	ncbi	1.0.0	NG_051852.1	abricate	1.0.1	gene_presence_detected		100.0			SULFONAMIDE		4351	5166				CCI165_S85_contig_63														-	100.0
CCI165_S85_contigs	OqxA_1	OqxA	resfinder	1.0.0	EU370913	abricate	1.0.1	gene_presence_detected		100.0			Chloramphenicol;Ciprofloxacin;Nalidixic_acid;Trimethoprim		44086	45261				CCI165_S85_contig_8														+	93.62
CCI165_S85_contigs	OqxB_1	OqxB	resfinder	1.0.0	EU370913	abricate	1.0.1	gene_presence_detected		100.0			Chloramphenicol;Ciprofloxacin;Nalidixic_acid;Trimethoprim		45285	48437				CCI165_S85_contig_8														+	95.4
CCI165_S85_contigs	ant(3'')-Ia_1	ant(3'')-Ia	resfinder	1.0.0	X02340	abricate	1.0.1	gene_presence_detected		82.51			Streptomycin		451	1252				CCI165_S85_contig_74														-	99.75
CCI165_S85_contigs	aph(3'')-Ib_2	aph(3'')-Ib	resfinder	1.0.0	AF024602	abricate	1.0.1	gene_presence_detected		99.88			Streptomycin		3274	4076				CCI165_S85_contig_59														-	100.0
CCI165_S85_contigs	aph(6)-Id_1	aph(6)-Id	resfinder	1.0.0	M28829	abricate	1.0.1	gene_presence_detected		100.0			Streptomycin		2438	3274				CCI165_S85_contig_59														-	100.0
CCI165_S85_contigs	blaOKP-B-17_1	blaOKP-B-17	resfinder	1.0.0	AM850919	abricate	1.0.1	gene_presence_detected		99.88					263329	264188				CCI165_S85_contig_2														-	100.0
CCI165_S85_contigs	dfrA1_10	dfrA1	resfinder	1.0.0	AF203818	abricate	1.0.1	gene_presence_detected		100.0			Trimethoprim		1335	1808				CCI165_S85_contig_74														-	99.79
CCI165_S85_contigs	fosA_6	fosA	resfinder	1.0.0	ACZD01000244	abricate	1.0.1	gene_presence_detected		100.0			Fosfomycin		127705	128124				CCI165_S85_contig_13														-	93.81
CCI165_S85_contigs	sul2_2	sul2	resfinder	1.0.0	AY034138	abricate	1.0.1	gene_presence_detected		100.0			Sulfamethoxazole		4351	5166				CCI165_S85_contig_63														-	100.0
amrfinderplus_amr.tsv	aadA1	ANT(3'')-Ia family aminoglycoside nucleotidyltransferase AadA1	NCBI Reference Gene Database	1.0.0	WP_001206317.1	amrfinderplus	3.12.8	gene_presence_detected	STREPTOMYCIN	100.0			AMINOGLYCOSIDE		454	1242	263			CCI165_S85_contig_74										263				-	100.0
amrfinderplus_amr.tsv	acrR	Klebsiella pneumoniae tigecycline resistant AcrR	NCBI Reference Gene Database	1.0.0	WP_002892080.1	amrfinderplus	3.12.8	protein_variant_detected	TIGECYCLINE	100.0			TETRACYCLINE		62269	62916	216			CCI165_S85_contig_4					p.V165I					216				-	98.61
amrfinderplus_amr.tsv	acrR	Klebsiella pneumoniae tigecycline resistant AcrR	NCBI Reference Gene Database	1.0.0	WP_002892080.1	amrfinderplus	3.12.8	protein_variant_detected	TIGECYCLINE	100.0			TETRACYCLINE		62269	62916	216			CCI165_S85_contig_4					p.Y114F					216				-	98.61
amrfinderplus_amr.tsv	aph(3'')-Ib	aminoglycoside O-phosphotransferase APH(3'')-Ib	NCBI Reference Gene Database	1.0.0	WP_001082319.1	amrfinderplus	3.12.8	gene_presence_detected	STREPTOMYCIN	100.0			AMINOGLYCOSIDE		3277	4077	267			CCI165_S85_contig_59										267				-	100.0
amrfinderplus_amr.tsv	aph(6)-Id	aminoglycoside O-phosphotransferase APH(6)-Id	NCBI Reference Gene Database	1.0.0	WP_000480968.1	amrfinderplus	3.12.8	gene_presence_detected	STREPTOMYCIN	100.0			AMINOGLYCOSIDE		2441	3274	278			CCI165_S85_contig_59										278				-	100.0
amrfinderplus_amr.tsv	blaOKP-B-17	broad-spectrum class A beta-lactamase OKP-B-17	NCBI Reference Gene Database	1.0.0	WP_063860911.1	amrfinderplus	3.12.8	gene_presence_detected	BETA-LACTAM	100.0			BETA-LACTAM		263331	264188	286			CCI165_S85_contig_2										286				-	100.0
amrfinderplus_amr.tsv	dfrA1	trimethoprim-resistant dihydrofolate reductase DfrA1	NCBI Reference Gene Database	1.0.0	WP_000777555.1	amrfinderplus	3.12.8	gene_presence_detected	TRIMETHOPRIM	100.0			TRIMETHOPRIM		1338	1808	157			CCI165_S85_contig_74										157				-	100.0
amrfinderplus_amr.tsv	emrD	multidrug efflux MFS transporter EmrD	NCBI Reference Gene Database	1.0.0	ACN65732.1	amrfinderplus	3.12.8	gene_presence_detected	EFFLUX	100.0			EFFLUX		19991	21172	394			CCI165_S85_contig_22										394				+	98.48
amrfinderplus_amr.tsv	fosA	FosA5 family fosfomycin resistance glutathione transferase	NCBI Reference Gene Database	1.0.0	WP_004146118.1	amrfinderplus	3.12.8	gene_presence_detected	FOSFOMYCIN	100.0			FOSFOMYCIN		127708	128124	139			CCI165_S85_contig_13										139				-	97.84
amrfinderplus_amr.tsv	oqxA	multidrug efflux RND transporter periplasmic adaptor subunit OqxA	NCBI Reference Gene Database	1.0.0	WP_002914189.1	amrfinderplus	3.12.8	gene_presence_detected	PHENICOL/QUINOLONE	100.0			PHENICOL/QUINOLONE		44086	45258	391			CCI165_S85_contig_8										391				+	96.93
amrfinderplus_amr.tsv	oqxB	multidrug efflux RND transporter permease subunit OqxB	NCBI Reference Gene Database	1.0.0	WP_012967412.1	amrfinderplus	3.12.8	gene_presence_detected	PHENICOL/QUINOLONE	100.0			PHENICOL/QUINOLONE		45285	48434	1050			CCI165_S85_contig_8										1050				+	99.14
amrfinderplus_amr.tsv	oqxR	Klebsiella pneumoniae tigecycline resistant OqxR	NCBI Reference Gene Database	1.0.0	WP_000888203.1	amrfinderplus	3.12.8	protein_variant_detected	TIGECYCLINE	100.0			TETRACYCLINE		48509	48985	159			CCI165_S85_contig_8					p.D95E					159				-	98.74
amrfinderplus_amr.tsv	sul2	sulfonamide-resistant dihydropteroate synthase Sul2	NCBI Reference Gene Database	1.0.0	WP_001043260.1	amrfinderplus	3.12.8	gene_presence_detected	SULFONAMIDE	100.0			SULFONAMIDE		4354	5166	271			CCI165_S85_contig_63										271				-	100.0
resfinder_asm_results_tab.txt	OqxA	OqxA	resfinder	2.3.1	EU370913	resfinder	4.5.0	gene_presence_detected		100.0			Chloramphenicol, Nalidixic acid, Ciprofloxacin, Trimethoprim		44086	45261				CCI165_S85_contig_8 length 181163 coverage 173.9 normalized_cov 0.95							1176							+	93.62
resfinder_asm_results_tab.txt	OqxB	OqxB	resfinder	2.3.1	EU370913	resfinder	4.5.0	gene_presence_detected		100.0			Chloramphenicol, Nalidixic acid, Ciprofloxacin, Trimethoprim		45285	48437				CCI165_S85_contig_8 length 181163 coverage 173.9 normalized_cov 0.95							3153							+	95.4
resfinder_asm_results_tab.txt	aadA1	aadA1	resfinder	2.3.1	JX185132	resfinder	4.5.0	gene_presence_detected		100.0			Spectinomycin, Streptomycin		451	1242				CCI165_S85_contig_74 length 3262 coverage 232.9 normalized_cov 1.28							792							-	100.0
resfinder_asm_results_tab.txt	aph(3'')-Ib	aph(3'')-Ib	resfinder	2.3.1	AF024602	resfinder	4.5.0	gene_presence_detected		99.87562189054728			Streptomycin		3274	4076				CCI165_S85_contig_59 length 7808 coverage 252.0 normalized_cov 1.38							803							+	100.0
resfinder_asm_results_tab.txt	aph(3'')-Ib	aph(3'')-Ib	resfinder	2.3.1	AF321551	resfinder	4.5.0	gene_presence_detected		100.0			Streptomycin		3274	4077				CCI165_S85_contig_59 length 7808 coverage 252.0 normalized_cov 1.38							804							+	99.88
resfinder_asm_results_tab.txt	aph(3'')-Ib	aph(3'')-Ib	resfinder	2.3.1	AF313472	resfinder	4.5.0	gene_presence_detected		100.0			Streptomycin		3274	4077				CCI165_S85_contig_59 length 7808 coverage 252.0 normalized_cov 1.38							804							+	99.88
resfinder_asm_results_tab.txt	aph(3'')-Ib	aph(3'')-Ib	resfinder	2.3.1	AF321550	resfinder	4.5.0	gene_presence_detected		100.0			Streptomycin		3274	4077				CCI165_S85_contig_59 length 7808 coverage 252.0 normalized_cov 1.38							804							+	99.88
resfinder_asm_results_tab.txt	aph(6)-Id	aph(6)-Id	resfinder	2.3.1	M28829	resfinder	4.5.0	gene_presence_detected		100.0			Streptomycin		2438	3274				CCI165_S85_contig_59 length 7808 coverage 252.0 normalized_cov 1.38							837							+	100.0
resfinder_asm_results_tab.txt	blaOKP-B-17	blaOKP-B-17	resfinder	2.3.1	AM850919	resfinder	4.5.0	gene_presence_detected		99.88385598141696			Unknown Beta-lactam		263329	264188				CCI165_S85_contig_2 length 348456 coverage 150.2 normalized_cov 0.82							860							+	100.0
resfinder_asm_results_tab.txt	dfrA1	dfrA1	resfinder	2.3.1	AF203818	resfinder	4.5.0	gene_presence_detected		100.0			Trimethoprim		1335	1808				CCI165_S85_contig_74 length 3262 coverage 232.9 normalized_cov 1.28							474							+	99.79
resfinder_asm_results_tab.txt	dfrA1	dfrA1	resfinder	2.3.1	AJ238350	resfinder	4.5.0	gene_presence_detected		100.0			Trimethoprim		1335	1808				CCI165_S85_contig_74 length 3262 coverage 232.9 normalized_cov 1.28							474							+	99.79
resfinder_asm_results_tab.txt	dfrA1	dfrA1	resfinder	2.3.1	X00926	resfinder	4.5.0	gene_presence_detected		100.0			Trimethoprim		1335	1808				CCI165_S85_contig_74 length 3262 coverage 232.9 normalized_cov 1.28							474							+	99.79
resfinder_asm_results_tab.txt	fosA	fosA	resfinder	2.3.1	ACZD01000244	resfinder	4.5.0	gene_presence_detected		100.0			Fosfomycin		127705	128124				CCI165_S85_contig_13 length 151149 coverage 198.6 normalized_cov 1.09							420							+	93.81
resfinder_asm_results_tab.txt	sul2	sul2	resfinder	2.3.1	AY034138	resfinder	4.5.0	gene_presence_detected		100.0			Sulfamethoxazole		4351	5166				CCI165_S85_contig_63 length 5843 coverage 215.4 normalized_cov 1.18							816							+	100.0
resfinder_read_results_tab.txt	OqxA	OqxA	resfinder	2.3.1	EU370913	resfinder	4.5.0	gene_presence_detected		100.0			Chloramphenicol, Nalidixic acid, Ciprofloxacin, Trimethoprim														1176								93.62
resfinder_read_results_tab.txt	OqxB	OqxB	resfinder	2.3.1	EU370913	resfinder	4.5.0	gene_presence_detected		100.0			Chloramphenicol, Nalidixic acid, Ciprofloxacin, Trimethoprim														3153								95.4
resfinder_read_results_tab.txt	aadA1	aadA1	resfinder	2.3.1	JX185132	resfinder	4.5.0	gene_presence_detected		100.0			Spectinomycin, Streptomycin														792								100.0
resfinder_read_results_tab.txt	aph(3'')-Ib	aph(3'')-Ib	resfinder	2.3.1	AF321550	resfinder	4.5.0	gene_presence_detected		93.78			Streptomycin														804								93.78
resfinder_read_results_tab.txt	aph(3'')-Ib	aph(3'')-Ib	resfinder	2.3.1	AF024602	resfinder	4.5.0	gene_presence_detected		99.88			Streptomycin														803								99.88
resfinder_read_results_tab.txt	aph(6)-Id	aph(6)-Id	resfinder	2.3.1	M28829	resfinder	4.5.0	gene_presence_detected		100.0			Streptomycin														837								100.0
resfinder_read_results_tab.txt	blaOKP-B-17	blaOKP-B-17	resfinder	2.3.1	AM850919	resfinder	4.5.0	gene_presence_detected		100.0			Unknown Beta-lactam														861								99.88
resfinder_read_results_tab.txt	dfrA1	dfrA1	resfinder	2.3.1	EU089668	resfinder	4.5.0	gene_presence_detected		96.62			Trimethoprim														458								96.41
resfinder_read_results_tab.txt	fosA	fosA	resfinder	2.3.1	AFBO01000747	resfinder	4.5.0	gene_presence_detected		100.0			Fosfomycin														420								93.57
resfinder_read_results_tab.txt	fosA	fosA	resfinder	2.3.1	ACZD01000244	resfinder	4.5.0	gene_presence_detected		100.0			Fosfomycin														420								93.81
resfinder_read_results_tab.txt	fosA5	fosA5	resfinder	2.3.1	EU195449	resfinder	4.5.0	gene_presence_detected		100.0			Fosfomycin														420								93.33
resfinder_read_results_tab.txt	sul2	sul2	resfinder	2.3.1	AY034138	resfinder	4.5.0	gene_presence_detected		100.0			Sulfamethoxazole														816								100.0
rgi_blast_report.txt	APH(3'')-Ib	APH(3'')	CARD	3.3.0	3002639	rgi	6.0.3	gene_presence_detected		100.0			aminoglycoside antibiotic		3274	4077				CCI165_S85_contig_59_5													antibiotic inactivation	-	99.63
rgi_blast_report.txt	APH(6)-Id	APH(6)	CARD	3.3.0	3002660	rgi	6.0.3	gene_presence_detected		100.0			aminoglycoside antibiotic		2438	3274				CCI165_S85_contig_59_4													antibiotic inactivation	-	99.64
rgi_blast_report.txt	ArnT	pmr phosphoethanolamine transferase	CARD	3.3.0	3005053	rgi	6.0.3	gene_presence_detected		100.0			peptide antibiotic		127290	128945				CCI165_S85_contig_16_119													antibiotic target alteration	-	97.28
rgi_blast_report.txt	CRP	resistance-nodulation-cell division (RND) antibiotic efflux pump	CARD	3.3.0	3000518	rgi	6.0.3	gene_presence_detected		100.0			macrolide antibiotic; fluoroquinolone antibiotic; penam		15138	15770				CCI165_S85_contig_16_20													antibiotic efflux	+	99.05
rgi_blast_report.txt	Escherichia coli AcrAB-TolC with MarR mutations conferring resistance to ciprofloxacin and tetracycline	resistance-nodulation-cell division (RND) antibiotic efflux pump	CARD	3.3.0	3003378	rgi	6.0.3	protein_variant_detected		100.0			fluoroquinolone antibiotic; cephalosporin; glycylcycline; penam; tetracycline antibiotic; rifamycin antibiotic; phenicol antibiotic; disinfecting agents and antiseptics		284692	285126				CCI165_S85_contig_2_280					p.S3N								antibiotic target alteration; antibiotic efflux	-	83.33
rgi_blast_report.txt	Escherichia coli UhpT with mutation conferring resistance to fosfomycin	antibiotic-resistant UhpT	CARD	3.3.0	3003890	rgi	6.0.3	protein_variant_detected		100.0			phosphonic acid antibiotic		10357	11748				CCI165_S85_contig_22_13 					p.E350Q								antibiotic target alteration	-	95.03
rgi_blast_report.txt	Escherichia coli mdfA	major facilitator superfamily (MFS) antibiotic efflux pump	CARD	3.3.0	3001328	rgi	6.0.3	gene_presence_detected		100.0			tetracycline antibiotic; phenicol antibiotic; disinfecting agents and antiseptics		181734	182966				CCI165_S85_contig_1_156													antibiotic efflux	-	85.12
rgi_blast_report.txt	Escherichia coli soxS with mutation conferring antibiotic resistance	ATP-binding cassette (ABC) antibiotic efflux pump; major facilitator superfamily (MFS) antibiotic efflux pump; resistance-nodulation-cell division (RND) antibiotic efflux pump; General Bacterial Porin with reduced permeability to beta-lactams	CARD	3.3.0	3003511	rgi	6.0.3	protein_variant_detected		101.87			fluoroquinolone antibiotic; monobactam; carbapenem; cephalosporin; glycylcycline; cephamycin; penam; tetracycline antibiotic; rifamycin antibiotic; phenicol antibiotic; penem; disinfecting agents and antiseptics		74538	74867				CCI165_S85_contig_14_65													antibiotic target alteration; antibiotic efflux; reduced permeability to antibiotic	-	89.72
rgi_blast_report.txt	FosA6	fosfomycin thiol transferase	CARD	3.3.0	3004111	rgi	6.0.3	gene_presence_detected		100.0			phosphonic acid antibiotic		127705	128124				CCI165_S85_contig_13_127													antibiotic inactivation	-	97.12
rgi_blast_report.txt	Haemophilus influenzae PBP3 conferring resistance to beta-lactam antibiotics	Penicillin-binding protein mutations conferring resistance to beta-lactam antibiotics	CARD	3.3.0	3004446	rgi	6.0.3	protein_variant_detected		96.39			cephalosporin; cephamycin; penam		68796	70562				CCI165_S85_contig_12_58 					p.D350N,p. S357N								antibiotic target alteration	+	52.2
rgi_blast_report.txt	Klebsiella pneumoniae KpnE	small multidrug resistance (SMR) antibiotic efflux pump	CARD	3.3.0	3004580	rgi	6.0.3	gene_presence_detected		100.0			macrolide antibiotic; aminoglycoside antibiotic; cephalosporin; tetracycline antibiotic; peptide antibiotic; rifamycin antibiotic; disinfecting agents and antiseptics		220754	221116				CCI165_S85_contig_2_215													antibiotic efflux	+	95.83
rgi_blast_report.txt	Klebsiella pneumoniae KpnF	small multidrug resistance (SMR) antibiotic efflux pump	CARD	3.3.0	3004583	rgi	6.0.3	gene_presence_detected		100.0			macrolide antibiotic; aminoglycoside antibiotic; cephalosporin; tetracycline antibiotic; peptide antibiotic; rifamycin antibiotic; disinfecting agents and antiseptics		221103	221432				CCI165_S85_contig_2_216													antibiotic efflux	+	98.17
rgi_blast_report.txt	Klebsiella pneumoniae KpnG	major facilitator superfamily (MFS) antibiotic efflux pump	CARD	3.3.0	3004588	rgi	6.0.3	gene_presence_detected		100.0			macrolide antibiotic; fluoroquinolone antibiotic; aminoglycoside antibiotic; carbapenem; cephalosporin; penam; peptide antibiotic; penem		112303	113475				CCI165_S85_contig_8_115													antibiotic efflux	+	98.97
rgi_blast_report.txt	Klebsiella pneumoniae KpnH	major facilitator superfamily (MFS) antibiotic efflux pump	CARD	3.3.0	3004597	rgi	6.0.3	gene_presence_detected		100.0			macrolide antibiotic; fluoroquinolone antibiotic; aminoglycoside antibiotic; carbapenem; cephalosporin; penam; peptide antibiotic; penem		113491	115029				CCI165_S85_contig_8_116													antibiotic efflux	+	94.02
rgi_blast_report.txt	Klebsiella pneumoniae OmpK37	General Bacterial Porin with reduced permeability to beta-lactams	CARD	3.3.0	3004122	rgi	6.0.3	gene_presence_detected		100.0			monobactam; carbapenem; cephalosporin; cephamycin; penam; penem		6858	7982				CCI165_S85_contig_35_9													reduced permeability to antibiotic	-	95.72
rgi_blast_report.txt	Klebsiella pneumoniae acrR with mutation conferring multidrug antibiotic resistance	resistance-nodulation-cell division (RND) antibiotic efflux pump	CARD	3.3.0	3003373	rgi	6.0.3	protein_variant_detected		100.0			fluoroquinolone antibiotic; cephalosporin; glycylcycline; penam; tetracycline antibiotic; rifamycin antibiotic; phenicol antibiotic; disinfecting agents and antiseptics		62266	62916				CCI165_S85_contig_4_64 					p.Y114F,p. V165I								antibiotic target alteration; antibiotic efflux	-	98.61
rgi_blast_report.txt	LptD	ATP-binding cassette (ABC) antibiotic efflux pump	CARD	3.3.0	3005059	rgi	6.0.3	gene_presence_detected		100.0			carbapenem; peptide antibiotic; aminocoumarin antibiotic; rifamycin antibiotic		20752	23100				CCI165_S85_contig_12_21													antibiotic efflux	-	98.85
rgi_blast_report.txt	MdtQ	Outer Membrane Porin (Opr)	CARD	3.3.0	3007682	rgi	6.0.3	gene_presence_detected		100.0			monobactam; carbapenem; cephalosporin; cephamycin; penam; penem		100957	102396				CCI165_S85_contig_19_81													reduced permeability to antibiotic	-	98.33
rgi_blast_report.txt	OKP-B-17	OKP beta-lactamase	CARD	3.3.0	3002450	rgi	6.0.3	gene_presence_detected		100.0			cephalosporin; penam		263328	264188				CCI165_S85_contig_2_258													antibiotic inactivation	-	100.0
rgi_blast_report.txt	OmpA	General Bacterial Porin with reduced permeability to peptide antibiotics	CARD	3.3.0	3005044	rgi	6.0.3	gene_presence_detected		95.19			peptide antibiotic		56021	57091				CCI165_S85_contig_1_52													reduced permeability to antibiotic	+	98.88
rgi_blast_report.txt	PmrF	pmr phosphoethanolamine transferase	CARD	3.3.0	3003578	rgi	6.0.3	gene_presence_detected		101.55			peptide antibiotic		131826	132809				CCI165_S85_contig_16_122													antibiotic target alteration	-	83.38
rgi_blast_report.txt	Shigella flexneri acrA	resistance-nodulation-cell division (RND) antibiotic efflux pump	CARD	3.3.0	3007509	rgi	6.0.3	gene_presence_detected		100.0			fluoroquinolone antibiotic; cephalosporin; glycylcycline; penam; tetracycline antibiotic; rifamycin antibiotic; phenicol antibiotic; disinfecting agents and antiseptics		63059	64252				CCI165_S85_contig_4_65													antibiotic efflux	+	84.63
rgi_blast_report.txt	aadA	ANT(3'')	CARD	3.3.0	3002601	rgi	6.0.3	gene_presence_detected		100.0			aminoglycoside antibiotic		451	1242				CCI165_S85_contig_74_2													antibiotic inactivation	-	99.62
rgi_blast_report.txt	acrB	resistance-nodulation-cell division (RND) antibiotic efflux pump	CARD	3.3.0	3000216	rgi	6.0.3	gene_presence_detected		99.9			fluoroquinolone antibiotic; cephalosporin; glycylcycline; penam; tetracycline antibiotic; rifamycin antibiotic; phenicol antibiotic; disinfecting agents and antiseptics		64275	67421				CCI165_S85_contig_4_66													antibiotic efflux	+	91.13
rgi_blast_report.txt	acrD	resistance-nodulation-cell division (RND) antibiotic efflux pump	CARD	3.3.0	3000491	rgi	6.0.3	gene_presence_detected		100.0			aminoglycoside antibiotic		104600	107713				CCI165_S85_contig_15_91													antibiotic efflux	-	90.84
rgi_blast_report.txt	baeR	resistance-nodulation-cell division (RND) antibiotic efflux pump	CARD	3.3.0	3000828	rgi	6.0.3	protein_variant_detected		100.0			aminoglycoside antibiotic; aminocoumarin antibiotic		46737	47459				CCI165_S85_contig_19_33													antibiotic efflux	+	93.75
rgi_blast_report.txt	dfrA1	trimethoprim resistant dihydrofolate reductase dfr	CARD	3.3.0	3002854	rgi	6.0.3	gene_presence_detected		100.0			diaminopyrimidine antibiotic		1335	1808				CCI165_S85_contig_74_3													antibiotic target replacement	-	100.0
rgi_blast_report.txt	emrR	major facilitator superfamily (MFS) antibiotic efflux pump	CARD	3.3.0	3000516	rgi	6.0.3	gene_presence_detected		100.0			fluoroquinolone antibiotic		111647	112177				CCI165_S85_contig_8_114													antibiotic efflux	+	92.57
rgi_blast_report.txt	eptB	pmr phosphoethanolamine transferase	CARD	3.3.0	3005047	rgi	6.0.3	gene_presence_detected		97.04			peptide antibiotic		135774	137447				CCI165_S85_contig_7_124													antibiotic target alteration	+	98.56
rgi_blast_report.txt	leuO	major facilitator superfamily (MFS) antibiotic efflux pump	CARD	3.3.0	3003843	rgi	6.0.3	gene_presence_detected		100.64			nucleoside antibiotic; disinfecting agents and antiseptics		61627	62577				CCI165_S85_contig_12_51													antibiotic efflux	+	82.45
rgi_blast_report.txt	marA	resistance-nodulation-cell division (RND) antibiotic efflux pump; General Bacterial Porin with reduced permeability to beta-lactams	CARD	3.3.0	3000263	rgi	6.0.3	gene_presence_detected		97.64			fluoroquinolone antibiotic; monobactam; carbapenem; cephalosporin; glycylcycline; cephamycin; penam; tetracycline antibiotic; rifamycin antibiotic; phenicol antibiotic; penem; disinfecting agents and antiseptics		284297	284671				CCI165_S85_contig_2_279													antibiotic efflux; reduced permeability to antibiotic	-	92.74
rgi_blast_report.txt	mdtB	resistance-nodulation-cell division (RND) antibiotic efflux pump	CARD	3.3.0	3000793	rgi	6.0.3	gene_presence_detected		100.0			aminocoumarin antibiotic		37630	40752				CCI165_S85_contig_19_29													antibiotic efflux	+	90.19
rgi_blast_report.txt	mdtC	resistance-nodulation-cell division (RND) antibiotic efflux pump	CARD	3.3.0	3000794	rgi	6.0.3	gene_presence_detected		100.0			aminocoumarin antibiotic		40753	43830				CCI165_S85_contig_19_30													antibiotic efflux	+	91.61
rgi_blast_report.txt	msbA	ATP-binding cassette (ABC) antibiotic efflux pump	CARD	3.3.0	3003950	rgi	6.0.3	gene_presence_detected		100.0			nitroimidazole antibiotic		100631	102379				CCI165_S85_contig_1_88													antibiotic efflux	-	92.61
rgi_blast_report.txt	oqxA	resistance-nodulation-cell division (RND) antibiotic efflux pump	CARD	3.3.0	3003922	rgi	6.0.3	gene_presence_detected		100.0			fluoroquinolone antibiotic; glycylcycline; tetracycline antibiotic; diaminopyrimidine antibiotic; nitrofuran antibiotic		44086	45261				CCI165_S85_contig_8_48													antibiotic efflux	+	96.93
rgi_blast_report.txt	oqxB	resistance-nodulation-cell division (RND) antibiotic efflux pump	CARD	3.3.0	3003923	rgi	6.0.3	gene_presence_detected		100.0			fluoroquinolone antibiotic; glycylcycline; tetracycline antibiotic; diaminopyrimidine antibiotic; nitrofuran antibiotic		45285	48437				CCI165_S85_contig_8_49													antibiotic efflux	+	98.86
rgi_blast_report.txt	qacJ	small multidrug resistance (SMR) antibiotic efflux pump	CARD	3.3.0	3007014	rgi	6.0.3	gene_presence_detected		88.79			disinfecting agents and antiseptics		3	287				CCI165_S85_contig_74_1													antibiotic efflux	-	46.91
rgi_blast_report.txt	rsmA	resistance-nodulation-cell division (RND) antibiotic efflux pump	CARD	3.3.0	3005069	rgi	6.0.3	gene_presence_detected		100.0			fluoroquinolone antibiotic; diaminopyrimidine antibiotic; phenicol antibiotic		122766	122951				CCI165_S85_contig_8_124													antibiotic efflux	-	85.25
rgi_blast_report.txt	sul2	sulfonamide resistant sul	CARD	3.3.0	3000412	rgi	6.0.3	gene_presence_detected		100.0			sulfonamide antibiotic		4351	5166				CCI165_S85_contig_63_6													antibiotic target replacement	-	100.0
rgi_blast_report.txt	vanG	glycopeptide resistance gene cluster; Van ligase	CARD	3.3.0	3002909	rgi	6.0.3	gene_presence_detected		104.58			glycopeptide antibiotic		188121	189218				CCI165_S85_contig_4_187													antibiotic target alteration	+	38.94
rgi_diamond_report.txt	APH(3'')-Ib	APH(3'')	CARD	3.3.0	3002639	rgi	6.0.3	gene_presence_detected		100.0			aminoglycoside antibiotic		3274	4077				CCI165_S85_contig_59_5													antibiotic inactivation	-	99.63
rgi_diamond_report.txt	APH(6)-Id	APH(6)	CARD	3.3.0	3002660	rgi	6.0.3	gene_presence_detected		100.0			aminoglycoside antibiotic		2438	3274				CCI165_S85_contig_59_4													antibiotic inactivation	-	99.64
rgi_diamond_report.txt	ArnT	pmr phosphoethanolamine transferase	CARD	3.3.0	3005053	rgi	6.0.3	gene_presence_detected		100.0			peptide antibiotic		127290	128945				CCI165_S85_contig_16_119													antibiotic target alteration	-	97.28
rgi_diamond_report.txt	CRP	resistance-nodulation-cell division (RND) antibiotic efflux pump	CARD	3.3.0	3000518	rgi	6.0.3	gene_presence_detected		100.0			macrolide antibiotic; fluoroquinolone antibiotic; penam		15138	15770				CCI165_S85_contig_16_20													antibiotic efflux	+	99.05
rgi_diamond_report.txt	Escherichia coli AcrAB-TolC with MarR mutations conferring resistance to ciprofloxacin and tetracycline	resistance-nodulation-cell division (RND) antibiotic efflux pump	CARD	3.3.0	3003378	rgi	6.0.3	protein_variant_detected		100.0			fluoroquinolone antibiotic; cephalosporin; glycylcycline; penam; tetracycline antibiotic; rifamycin antibiotic; phenicol antibiotic; disinfecting agents and antiseptics		284692	285126				CCI165_S85_contig_2_280					p.S3N								antibiotic target alteration; antibiotic efflux	-	83.33
rgi_diamond_report.txt	Escherichia coli UhpT with mutation conferring resistance to fosfomycin	antibiotic-resistant UhpT	CARD	3.3.0	3003890	rgi	6.0.3	protein_variant_detected		100.0			phosphonic acid antibiotic		10357	11748				CCI165_S85_contig_22_13 					p.E350Q								antibiotic target alteration	-	95.03
rgi_diamond_report.txt	FosA6	fosfomycin thiol transferase	CARD	3.3.0	3004111	rgi	6.0.3	gene_presence_detected		100.0			phosphonic acid antibiotic		127705	128124				CCI165_S85_contig_13_127													antibiotic inactivation	-	97.12
rgi_diamond_report.txt	H-NS	major facilitator superfamily (MFS) antibiotic efflux pump; resistance-nodulation-cell division (RND) antibiotic efflux pump	CARD	3.3.0	3000676	rgi	6.0.3	gene_presence_detected		98.54			macrolide antibiotic; fluoroquinolone antibiotic; cephalosporin; cephamycin; penam; tetracycline antibiotic		196545	196952				CCI165_S85_contig_3_188													antibiotic efflux	+	94.07
rgi_diamond_report.txt	Haemophilus influenzae PBP3 conferring resistance to beta-lactam antibiotics	Penicillin-binding protein mutations conferring resistance to beta-lactam antibiotics	CARD	3.3.0	3004446	rgi	6.0.3	protein_variant_detected		96.39			cephalosporin; cephamycin; penam		68796	70562				CCI165_S85_contig_12_58 					p.D350N,p. S357N								antibiotic target alteration	+	52.2
rgi_diamond_report.txt	Klebsiella pneumoniae KpnE	small multidrug resistance (SMR) antibiotic efflux pump	CARD	3.3.0	3004580	rgi	6.0.3	gene_presence_detected		100.0			macrolide antibiotic; aminoglycoside antibiotic; cephalosporin; tetracycline antibiotic; peptide antibiotic; rifamycin antibiotic; disinfecting agents and antiseptics		220754	221116				CCI165_S85_contig_2_215													antibiotic efflux	+	95.83
rgi_diamond_report.txt	Klebsiella pneumoniae KpnF	small multidrug resistance (SMR) antibiotic efflux pump	CARD	3.3.0	3004583	rgi	6.0.3	gene_presence_detected		100.0			macrolide antibiotic; aminoglycoside antibiotic; cephalosporin; tetracycline antibiotic; peptide antibiotic; rifamycin antibiotic; disinfecting agents and antiseptics		221103	221432				CCI165_S85_contig_2_216													antibiotic efflux	+	98.17
rgi_diamond_report.txt	Klebsiella pneumoniae KpnG	major facilitator superfamily (MFS) antibiotic efflux pump	CARD	3.3.0	3004588	rgi	6.0.3	gene_presence_detected		100.0			macrolide antibiotic; fluoroquinolone antibiotic; aminoglycoside antibiotic; carbapenem; cephalosporin; penam; peptide antibiotic; penem		112303	113475				CCI165_S85_contig_8_115													antibiotic efflux	+	98.97
rgi_diamond_report.txt	Klebsiella pneumoniae KpnH	major facilitator superfamily (MFS) antibiotic efflux pump	CARD	3.3.0	3004597	rgi	6.0.3	gene_presence_detected		100.0			macrolide antibiotic; fluoroquinolone antibiotic; aminoglycoside antibiotic; carbapenem; cephalosporin; penam; peptide antibiotic; penem		113491	115029				CCI165_S85_contig_8_116													antibiotic efflux	+	93.95
rgi_diamond_report.txt	Klebsiella pneumoniae OmpK37	General Bacterial Porin with reduced permeability to beta-lactams	CARD	3.3.0	3004122	rgi	6.0.3	gene_presence_detected		100.0			monobactam; carbapenem; cephalosporin; cephamycin; penam; penem		6858	7982				CCI165_S85_contig_35_9													reduced permeability to antibiotic	-	95.72
rgi_diamond_report.txt	Klebsiella pneumoniae acrR with mutation conferring multidrug antibiotic resistance	resistance-nodulation-cell division (RND) antibiotic efflux pump	CARD	3.3.0	3003373	rgi	6.0.3	protein_variant_detected		100.0			fluoroquinolone antibiotic; cephalosporin; glycylcycline; penam; tetracycline antibiotic; rifamycin antibiotic; phenicol antibiotic; disinfecting agents and antiseptics		62266	62916				CCI165_S85_contig_4_64 					p.Y114F,p. V165I								antibiotic target alteration; antibiotic efflux	-	98.61
rgi_diamond_report.txt	LptD	ATP-binding cassette (ABC) antibiotic efflux pump	CARD	3.3.0	3005059	rgi	6.0.3	gene_presence_detected		100.0			carbapenem; peptide antibiotic; aminocoumarin antibiotic; rifamycin antibiotic		20752	23100				CCI165_S85_contig_12_21													antibiotic efflux	-	98.85
rgi_diamond_report.txt	MdtQ	Outer Membrane Porin (Opr)	CARD	3.3.0	3007682	rgi	6.0.3	gene_presence_detected		100.0			monobactam; carbapenem; cephalosporin; cephamycin; penam; penem		100957	102396				CCI165_S85_contig_19_81													reduced permeability to antibiotic	-	98.33
rgi_diamond_report.txt	OKP-B-17	OKP beta-lactamase	CARD	3.3.0	3002450	rgi	6.0.3	gene_presence_detected		100.0			cephalosporin; penam		263328	264188				CCI165_S85_contig_2_258													antibiotic inactivation	-	100.0
rgi_diamond_report.txt	OmpA	General Bacterial Porin with reduced permeability to peptide antibiotics	CARD	3.3.0	3005044	rgi	6.0.3	gene_presence_detected		95.19			peptide antibiotic		56021	57091				CCI165_S85_contig_1_52													reduced permeability to antibiotic	+	98.88
rgi_diamond_report.txt	Shigella flexneri acrA	resistance-nodulation-cell division (RND) antibiotic efflux pump	CARD	3.3.0	3007509	rgi	6.0.3	gene_presence_detected		100.0			fluoroquinolone antibiotic; cephalosporin; glycylcycline; penam; tetracycline antibiotic; rifamycin antibiotic; phenicol antibiotic; disinfecting agents and antiseptics		63059	64252				CCI165_S85_contig_4_65													antibiotic efflux	+	84.63
rgi_diamond_report.txt	aadA	ANT(3'')	CARD	3.3.0	3002601	rgi	6.0.3	gene_presence_detected		100.0			aminoglycoside antibiotic		451	1242				CCI165_S85_contig_74_2													antibiotic inactivation	-	99.62
rgi_diamond_report.txt	adeF	resistance-nodulation-cell division (RND) antibiotic efflux pump	CARD	3.3.0	3000777	rgi	6.0.3	gene_presence_detected		97.92			fluoroquinolone antibiotic; tetracycline antibiotic		104600	107713				CCI165_S85_contig_15_91													antibiotic efflux	-	42.2
rgi_diamond_report.txt	adeF	resistance-nodulation-cell division (RND) antibiotic efflux pump	CARD	3.3.0	3000777	rgi	6.0.3	gene_presence_detected		98.96			fluoroquinolone antibiotic; tetracycline antibiotic		64275	67421				CCI165_S85_contig_4_66													antibiotic efflux	+	41.63
rgi_diamond_report.txt	adeF	resistance-nodulation-cell division (RND) antibiotic efflux pump	CARD	3.3.0	3000777	rgi	6.0.3	gene_presence_detected		99.15			fluoroquinolone antibiotic; tetracycline antibiotic		45285	48437				CCI165_S85_contig_8_49													antibiotic efflux	+	61.15
rgi_diamond_report.txt	baeR	resistance-nodulation-cell division (RND) antibiotic efflux pump	CARD	3.3.0	3000828	rgi	6.0.3	protein_variant_detected		100.0			aminoglycoside antibiotic; aminocoumarin antibiotic		46737	47459				CCI165_S85_contig_19_33													antibiotic efflux	+	93.75
rgi_diamond_report.txt	dfrA1	trimethoprim resistant dihydrofolate reductase dfr	CARD	3.3.0	3002854	rgi	6.0.3	gene_presence_detected		100.0			diaminopyrimidine antibiotic		1335	1808				CCI165_S85_contig_74_3													antibiotic target replacement	-	100.0
rgi_diamond_report.txt	emrR	major facilitator superfamily (MFS) antibiotic efflux pump	CARD	3.3.0	3000516	rgi	6.0.3	gene_presence_detected		100.0			fluoroquinolone antibiotic		111647	112177				CCI165_S85_contig_8_114													antibiotic efflux	+	92.57
rgi_diamond_report.txt	eptB	pmr phosphoethanolamine transferase	CARD	3.3.0	3005047	rgi	6.0.3	gene_presence_detected		97.04			peptide antibiotic		135774	137447				CCI165_S85_contig_7_124													antibiotic target alteration	+	98.56
rgi_diamond_report.txt	leuO	major facilitator superfamily (MFS) antibiotic efflux pump	CARD	3.3.0	3003843	rgi	6.0.3	gene_presence_detected		100.64			nucleoside antibiotic; disinfecting agents and antiseptics		61627	62577				CCI165_S85_contig_12_51													antibiotic efflux	+	82.45
rgi_diamond_report.txt	marA	resistance-nodulation-cell division (RND) antibiotic efflux pump; General Bacterial Porin with reduced permeability to beta-lactams	CARD	3.3.0	3000263	rgi	6.0.3	gene_presence_detected		97.64			fluoroquinolone antibiotic; monobactam; carbapenem; cephalosporin; glycylcycline; cephamycin; penam; tetracycline antibiotic; rifamycin antibiotic; phenicol antibiotic; penem; disinfecting agents and antiseptics		284297	284671				CCI165_S85_contig_2_279													antibiotic efflux; reduced permeability to antibiotic	-	92.74
rgi_diamond_report.txt	msbA	ATP-binding cassette (ABC) antibiotic efflux pump	CARD	3.3.0	3003950	rgi	6.0.3	gene_presence_detected		100.0			nitroimidazole antibiotic		100631	102379				CCI165_S85_contig_1_88													antibiotic efflux	-	92.61
rgi_diamond_report.txt	oqxA	resistance-nodulation-cell division (RND) antibiotic efflux pump	CARD	3.3.0	3003922	rgi	6.0.3	gene_presence_detected		100.0			fluoroquinolone antibiotic; glycylcycline; tetracycline antibiotic; diaminopyrimidine antibiotic; nitrofuran antibiotic		44086	45261				CCI165_S85_contig_8_48													antibiotic efflux	+	96.93
rgi_diamond_report.txt	qacG	small multidrug resistance (SMR) antibiotic efflux pump	CARD	3.3.0	3007015	rgi	6.0.3	gene_presence_detected		88.79			disinfecting agents and antiseptics		3	287				CCI165_S85_contig_74_1													antibiotic efflux	-	43.48
rgi_diamond_report.txt	qacG	small multidrug resistance (SMR) antibiotic efflux pump	CARD	3.3.0	3007015	rgi	6.0.3	gene_presence_detected		101.87			disinfecting agents and antiseptics		143014	143343				CCI165_S85_contig_13_145													antibiotic efflux	+	38.61
rgi_diamond_report.txt	rsmA	resistance-nodulation-cell division (RND) antibiotic efflux pump	CARD	3.3.0	3005069	rgi	6.0.3	gene_presence_detected		100.0			fluoroquinolone antibiotic; diaminopyrimidine antibiotic; phenicol antibiotic		122766	122951				CCI165_S85_contig_8_124													antibiotic efflux	-	85.25
rgi_diamond_report.txt	sul2	sulfonamide resistant sul	CARD	3.3.0	3000412	rgi	6.0.3	gene_presence_detected		100.0			sulfonamide antibiotic		4351	5166				CCI165_S85_contig_63_6													antibiotic target replacement	-	100.0
rgi_diamond_report.txt	vanG	glycopeptide resistance gene cluster; Van ligase	CARD	3.3.0	3002909	rgi	6.0.3	gene_presence_detected		104.58			glycopeptide antibiotic		188121	189218				CCI165_S85_contig_4_187													antibiotic target alteration	+	38.94
