start	stop	contig	match_type	hits	agreeing_hits	pident	gene_name	database	ref_accession	name_space	definition	is_a	relationship	synonym
2	775	NZ_JBMAZT010000086.1	Multiple hits	5	4	100.0	Detection_Model:Protein	CARD	ARO:3004089	antibiotic_resistance	"""ANT(3'')-IIa is a aminoglycoside nucleotidyltransferase identified in Acinetobacter spp. via horizontal gene transfer mechanisms."" [PMID:28152054]"	['ARO:3004275']	['confers_resistance_to_antibiotic ARO:0000039', 'confers_resistance_to_antibiotic ARO:0000040']	"[""ant(3'')-iia"", ""ant(9)(3'')"", 'aada1-pm']"
69	593	NZ_JBMAZT010000041.1	Multiple hits	4	4	100.0	Detection_Model:Protein	CARD	ARO:3002895	antibiotic_resistance	"""SAT-2 is a plasmid-mediated streptothricin acetyltransferase, which confers resistance to streptothricin, a nucleoside antibiotic. Originally described from an E. coli plasmid sequence by Heim et al., 1989."" [PMID:2157196, PMID:2550905]"	['ARO:3000869']	['confers_resistance_to_antibiotic ARO:0000012']	['sat-2']
2243	3043	NZ_JBMAZT010000046.1	Multiple hits	5	5	100.0	aph(3'')-Ib	CARD	ARO:3002639	antibiotic_resistance	"""APH(3'')-Ib is an aminoglycoside phosphotransferase encoded by plasmids, transposons, integrative conjugative elements and chromosomes in Enterobacteriaceae and Pseudomonas spp."" [PMID:2653965]"	['ARO:3007414']	['confers_resistance_to_antibiotic ARO:0000040']	"[""aph(3'')-ib"", 'orfh', 'stra']"
3046	3882	NZ_JBMAZT010000046.1	Multiple hits	5	5	100.0	Detection_Model:Protein	CARD	ARO:3002660	antibiotic_resistance	"""APH(6)-Id is an aminoglycoside phosphotransferase encoded by plasmids, integrative conjugative elements and chromosomal genomic islands in K. pneumoniae, Salmonella spp., E. coli, Shigella flexneri, Providencia alcalifaciens, Pseudomonas spp., V. cholerae, Edwardsiella tarda, Pasteurella multocida and Aeromonas bestiarum."" [PMID:2653965, PMID:18413319, PMID:19465049, PMID:15722395]"	['ARO:3007415']	['confers_resistance_to_antibiotic ARO:0000040']	['aph(6)-id', 'strb, orfi']
85554	86858	NZ_JBMAZT010000005.1	Single Hit	1	1	98.16	(Bla)AmpC1_Ecoli	argannot	FN649414:2765051-2766355					
4639	5772	NZ_JBMAZT010000011.1	Multiple hits	4	4	99.82	EC-18	CARD	ARO:3006878	antibiotic_resistance	"""EC-18 is a EC beta-lactamase."" []"	['ARO:3005406']		['ec-18']
81018	82919	NZ_JBMAZT010000013.1	Single Hit	1	1	99.42	(Bla)Penicillin_Binding_Protein_Ecoli	argannot	CP002291:664439-666340					
128962	130119	NZ_JBMAZT010000015.1	Single Hit	1	1	99.4	(Bla)ampH_Ecoli	argannot	AP012030:395554-396711					
11972	12802	NZ_JBMAZT010000045.1	Multiple hits	5	5	100.0	Detection_Model:Protein	CARD	ARO:3001396	antibiotic_resistance	"""OXA-1 is a beta-lactamase found in E. coli."" [PMID:2823258, PMID:33416461]"	['ARO:3007696']	['confers_resistance_to_antibiotic ARO:0000064', 'confers_resistance_to_antibiotic ARO:0000078', 'confers_resistance_to_antibiotic ARO:3000637', 'confers_resistance_to_antibiotic ARO:3000704']	['oxa-1', 'oxa-30']
7114	7971	NZ_JBMAZT010000023.1	Multiple hits	5	5	100.0	Detection_Model:Protein	CARD	ARO:3000873	antibiotic_resistance	"""TEM-1 is a broad-spectrum beta-lactamase found in many Gram-negative bacteria. Confers resistance to penicillins and first generation cephalosphorins."" [PMID:20412308, PMID:33416461, PMID:358200, PMID:5326330]"	['ARO:3000014']	['confers_resistance_to_antibiotic ARO:0000058', 'confers_resistance_to_antibiotic ARO:0000064', 'confers_resistance_to_antibiotic ARO:3000637', 'confers_resistance_to_antibiotic ARO:3000704']	['rtem-1', 'tem-1', 'tem-1b']
7147	8685	NZ_JBMAZT010000045.1	Multiple hits	7	4	100.0	Detection_Model:Protein	CARD	ARO:3004103	antibiotic_resistance	"""QepA2 is a plasmid-mediated quinolone resistance pump found in an Escherichia coli isolate from France."" [PMID:18644958]"	['ARO:0010002']	['confers_resistance_to_antibiotic ARO:0000036', 'confers_resistance_to_antibiotic ARO:0000074', 'confers_resistance_to_antibiotic ARO:3000662']	['qepa2']
224	883	NZ_JBMAZT010000045.1	Multiple hits	5	5	100.0	Detection_Model:Protein	CARD	ARO:3002683	antibiotic_resistance	"""catA1 (formerly in CARD as catI) is a chromosome and transposon-encoded variant of the cat gene found in Escherichia coli and Acinetobacter baumannii."" [PMID:390403, PMID:1650008]"	['ARO:3000122']	['confers_resistance_to_antibiotic ARO:3000382', 'confers_resistance_to_antibiotic ARO:3000385', 'confers_resistance_to_antibiotic ARO:3000456']	['cat1', 'cata1', 'cati']
1367	2182	NZ_JBMAZT010000046.1	Multiple hits	5	5	100.0	Detection_Model:Protein	CARD	ARO:3000412	antibiotic_resistance	"""Sul2 is a sulfonamide resistant dihydropteroate synthase of Gram-negative bacteria, usually found on small plasmids."" [PMID:11432417, PMID:15722395]"	['ARO:3004238']	['confers_resistance_to_antibiotic ARO:3000324', 'confers_resistance_to_antibiotic ARO:3000325', 'confers_resistance_to_antibiotic ARO:3000327', 'confers_resistance_to_antibiotic ARO:3000329', 'confers_resistance_to_antibiotic ARO:3000330', 'confers_resistance_to_antibiotic ARO:3000683', 'confers_resistance_to_antibiotic ARO:3000684', 'confers_resistance_to_antibiotic ARO:3000698', 'confers_resistance_to_antibiotic ARO:3000699', 'derives_from ARO:3000744']	['sul2']
5143	6389	NZ_JBMAZT010000046.1	Multiple hits	3	3	100.0	Detection_Model:Protein	CARD	ARO:3000165	antibiotic_resistance	"""TetA is a tetracycline efflux pump found in many species of Gram-negative bacteria."" [PMID:15837373, PMID:8821947]"	['ARO:0010002']	['confers_resistance_to_antibiotic ARO:0000051']	['tet(a)', 'teta']
4462	5112	NZ_JBMAZT010000046.1	Single Hit	1	1	100.0	(Tet)tetR	argannot	HF545434:53576-54226					
688	1161	NZ_JBMAZT010000041.1	Multiple hits	5	5	100.0	Detection_Model:Protein	CARD	ARO:3002854	antibiotic_resistance	"""dfrA1 is an integron-encoded dihydrofolate reductase."" [PMID:15388464]"	['ARO:3001218']	['confers_resistance_to_antibiotic ARO:3000188', 'derives_from ARO:3000745']	['dfr1', 'dfra1', 'dhfri']
8524	9681	NZ_JBMAZT010000004.1	Multiple hits	2	2	100.0	AcrE	CARD	ARO:3000499	antibiotic_resistance	"""AcrE is a membrane fusion protein, similar to AcrA."" [PMID:8407802, PMID:16267305]"	['ARO:3000748']	['part_of ARO:3000503', 'part_of ARO:3004083']	['acre']
5411	8512	NZ_JBMAZT010000004.1	Multiple hits	3	3	99.61	acrF	CARD	ARO:3000502	antibiotic_resistance	"""AcrF is a inner membrane transporter, similar to AcrB."" [PMID:16267305]"	['ARO:3000748']	['part_of ARO:3000503', 'part_of ARO:3004083']	['acrf']
10080	10742	NZ_JBMAZT010000004.1	Multiple hits	2	2	99.55	AcrS	CARD	ARO:3000656	antibiotic_resistance	"""AcrS is a repressor of the AcrAB efflux complex and is associated with the expression of AcrEF. AcrS is believed to regulate a switch between AcrAB and AcrEF efflux."" [PMID:18567659]"	['ARO:3000451']	['part_of ARO:3004083', 'regulates ARO:3000384', 'regulates ARO:3000503']	['acrs', 'eck3251', 'jw3232', 'envr', 'yhdk']
15001	15633	NZ_JBMAZT010000003.1	Multiple hits	2	2	99.52	CRP	CARD	ARO:3000518	antibiotic_resistance	"""CRP is a global regulator that represses MdtEF multidrug efflux pump expression."" [PMID:18503189]"	['ARO:3000451']	['regulates ARO:3000788']	['crp']
37534	38727	NZ_JBMAZT010000015.1	Multiple hits	2	2	100.0	Escherichia coli acrA	CARD	ARO:3004043	antibiotic_resistance	"""AcrA is a subunit of the AcrAB-TolC multidrug efflux system found in E. coli."" [PMID:11321576, PMID:24747401, PMID:12363006]"	['ARO:3000207']		['ecol_acra']
25994	27226	NZ_JBMAZT010000007.1	Multiple hits	2	2	100.0	Detection_Model:Protein	CARD	ARO:3001328	antibiotic_resistance	"""Multidrug efflux pump in E. coli. This multidrug efflux system was originally identified as the Cmr/CmlA chloramphenicol exporter."" [PMID:12578981, PMID:26238402, PMID:9811673]"	['ARO:0010002']	['confers_resistance_to_antibiotic ARO:0000051', 'confers_resistance_to_antibiotic ARO:3000385', 'confers_resistance_to_antibiotic ARO:3000456', 'confers_resistance_to_antibiotic ARO:3003823']	['ecol_mdfa', 'cmla', 'cmr']
67286	67699	NZ_JBMAZT010000006.1	Multiple hits	2	2	100.0	H-NS	CARD	ARO:3000676	antibiotic_resistance	"""H-NS is a histone-like protein involved in global gene regulation in Gram-negative bacteria. It is a repressor of the membrane fusion protein genes acrE, mdtE, and emrK as well as nearby genes of many RND-type multidrug exporters."" [PMID:14973023]"	['ARO:3000451']	['regulates ARO:3000373', 'regulates ARO:3000503', 'regulates ARO:3000788', 'regulates ARO:3004083']	['h-ns', 'hns']
172303	173392	NZ_JBMAZT010000007.1	Single Hit	1	1	83.75	OmpA	CARD	ARO:3005044	antibiotic_resistance	"""OmpA is a porin that confers resistance to beta-lactam antibiotics."" [PMID:25341126]"	['ARO:3004282']	['confers_resistance_to_antibiotic ARO:3000454', 'confers_resistance_to_antibiotic ARO:3000693']	['ompa']
76810	77778	NZ_JBMAZT010000002.1	Multiple hits	2	2	100.0	PmrF	CARD	ARO:3003578	antibiotic_resistance	"""PmrF is required for the synthesis and transfer of 4-amino-4-deoxy-L-arabinose (Ara4N) to Lipid A, which allows gram-negative bacteria to resist the antimicrobial activity of cationic antimicrobial peptides and antibiotics such as polymyxin. pmrF corresponds to 1 locus in Pseudomonas aeruginosa PAO1 and 1 locus in Pseudomonas aeruginosa LESB58."" [PMID:9570402]"	['ARO:3004269']	['confers_resistance_to_antibiotic ARO:3000454']	['pmrf', 'arnc']
241259	242747	NZ_JBMAZT010000004.1	Multiple hits	2	2	100.0	TolC	CARD	ARO:3000237	antibiotic_resistance	"""TolC is a protein subunit of many multidrug efflux complexes in Gram negative bacteria. It is an outer membrane efflux protein and is constitutively open. Regulation of efflux activity is often at its periplasmic entrance by other components of the efflux complex."" [PMID:14630321, PMID:16359323, PMID:11589692, PMID:10879525, PMID:12163644]"	['ARO:3000748']	['part_of ARO:3000344', 'part_of ARO:3000373', 'part_of ARO:3000384', 'part_of ARO:3000503', 'part_of ARO:3000545', 'part_of ARO:3000787', 'part_of ARO:3000788', 'part_of ARO:3004083', 'part_of ARO:3004598']	['tolc']
124797	126440	NZ_JBMAZT010000002.1	Multiple hits	2	2	99.63	YojI	CARD	ARO:3003952	antibiotic_resistance	"""YojI mediates resistance to the peptide antibiotic microcin J25 when it is expressed from a multicopy vector. YojI is capable of pumping out microcin molecules.  The outer membrane protein TolC in addition to YojI is required for export of microcin J25 out of the cell. Microcin J25 is thus the first known substrate for YojI."" [PMID:15866933]"	['ARO:0010001']	['confers_resistance_to_antibiotic ARO:3003951']	['yoji']
38750	41899	NZ_JBMAZT010000015.1	Multiple hits	2	2	100.0	acrB	CARD	ARO:3000216	antibiotic_resistance	"""Protein subunit of AcrA-AcrB-TolC multidrug efflux complex. AcrB functions as a herterotrimer which forms the inner membrane component and is primarily responsible for substrate recognition and energy transduction by acting as a drug/proton antiporter."" [PMID:12374972, PMID:19453279, PMID:17275331, PMID:19166984, PMID:18073115]"	['ARO:3000748']	['confers_resistance_to_antibiotic ARO:0000045', 'part_of ARO:3000384']	['eck0456', 'jw0451', 'acrb']
117957	121070	NZ_JBMAZT010000005.1	Multiple hits	2	2	99.81	acrD	CARD	ARO:3000491	antibiotic_resistance	"""AcrD is an aminoglycoside efflux pump expressed in E. coli. Its expression can be induced by indole, and is regulated by baeRS and cpxAR."" [PMID:10692383]"	['ARO:0010004']	['confers_resistance_to_antibiotic ARO:0000005', 'confers_resistance_to_antibiotic ARO:0000013', 'confers_resistance_to_antibiotic ARO:0000049', 'confers_resistance_to_antibiotic ARO:0000052', 'confers_resistance_to_antibiotic ARO:3007382', 'confers_resistance_to_drug_class ARO:0000016']	['acrd']
218081	218902	NZ_JBMAZT010000004.1	Multiple hits	2	2	99.63	bacA	CARD	ARO:3002986	antibiotic_resistance	"""The bacA gene product (BacA) recycles undecaprenyl pyrophosphate during cell wall biosynthesis which confers resistance to bacitracin."" [PMID:23460607]"	['ARO:3003398']	['confers_resistance_to_antibiotic ARO:3000629', 'confers_resistance_to_antibiotic ARO:3000630', 'confers_resistance_to_antibiotic ARO:3000631']	['baca']
60861	62234	NZ_JBMAZT010000021.1	Multiple hits	2	2	100.0	cpxA	CARD	ARO:3000830	antibiotic_resistance	"""CpxA is a membrane-localized sensor kinase that is activated by envelope stress. It starts a kinase cascade that activates CpxR, which promotes efflux complex expression."" [PMID:22496764]"	['ARO:3000750']	['part_of ARO:3000524']	['cpxa']
24046	25218	NZ_JBMAZT010000001.1	Multiple hits	2	2	99.74	emrA	CARD	ARO:3000027	antibiotic_resistance	"""EmrA is a membrane fusion protein, providing an efflux pathway with EmrB and TolC between the inner and outer membranes of E. coli, a Gram-negative bacterium."" [PMID:7730261]"	['ARO:3000748']	['part_of ARO:3000344']	['emra']
25235	26773	NZ_JBMAZT010000001.1	Multiple hits	2	2	100.0	emrB	CARD	ARO:3000074	antibiotic_resistance	"""emrB is a translocase in the emrB -TolC efflux protein in E. coli. It recognizes substrates including carbonyl cyanide m-chlorophenylhydrazone (CCCP), nalidixic acid, and thioloactomycin."" [PMID:1409590]"	['ARO:3000748']	['part_of ARO:3000344']	['emrb']
26080	27135	NZ_JBMAZT010000005.1	Multiple hits	2	2	100.0	emrK	CARD	ARO:3000206	antibiotic_resistance	"""emrK is a membrane fusion protein that is a homolog of EmrA. Together with the inner membrane transporter EmrY and the outer membrane channel TolC, it mediates multidrug efflux."" [PMID:12501312]"	['ARO:3000748']	['part_of ARO:3000373']	['emrk']
23389	23919	NZ_JBMAZT010000001.1	Multiple hits	2	2	100.0	emrR	CARD	ARO:3000516	antibiotic_resistance	"""EmrR is a negative regulator for the EmrAB-TolC multidrug efflux pump in E. coli. Mutations lead to EmrAB-TolC overexpression."" [PMID:7730261]"	['ARO:3000451']	['regulates ARO:3000344']	['emrr', 'mpra']
24542	26080	NZ_JBMAZT010000005.1	Multiple hits	2	2	99.8	emrY	CARD	ARO:3000254	antibiotic_resistance	"""emrY is a multidrug transport that moves substrates across the inner membrane of the Gram-negative E. coli. It is a homolog of emrB."" [PMID:12501312]"	['ARO:3000748']	['part_of ARO:3000373']	['emry']
115066	116709	NZ_JBMAZT010000012.1	Multiple hits	2	2	99.63	eptA	CARD	ARO:3003576	antibiotic_resistance	"""PmrC mediates the modification of Lipid A by the addition of 4-amino-4-deoxy-L-arabinose (L-Ara4N) and phosphoethanolamine, resulting in a less negative cell membrane and decreased binding of polymyxin B."" [PMID:15205413]"	['ARO:3004269']	['confers_resistance_to_antibiotic ARO:3000454']	['pmrc', 'epta']
27658	28272	NZ_JBMAZT010000005.1	Multiple hits	2	2	100.0	evgA	CARD	ARO:3000832	antibiotic_resistance	"""EvgA, when phosphorylated, is a positive regulator for efflux protein complexes emrKY and mdtEF. While usually phosphorylated in a EvgS dependent manner, it can be phosphorylated in the absence of EvgS when overexpressed."" [PMID:12951338]"	['ARO:3000750']	['part_of ARO:3000515']	['evga']
28277	31870	NZ_JBMAZT010000005.1	Multiple hits	2	2	99.44	evgS	CARD	ARO:3000833	antibiotic_resistance	"""EvgS is a sensor protein that phosphorylates the regulatory protein EvgA. evgS corresponds to 1 locus in Pseudomonas aeruginosa PAO1 and 1 locus in Pseudomonas aeruginosa LESB58."" [PMID:11914367]"	['ARO:3000750']	['part_of ARO:3000515']	['evgs', 'rocs1']
222450	223178	NZ_JBMAZT010000003.1	Single Hit	1	1	94.24	gadW	CARD	ARO:3003838	antibiotic_resistance	"""GadW is an AraC-family regulator that promotes mdtEF expression to confer multidrug resistance. GadW inhibits GadX-dependent activation. GadW clearly represses gadX and, in situations where GadX is missing, activates gadA and gadBC."" [PMID:16980449, PMID:12446650]"	['ARO:3000451']	['regulates ARO:3000788']	['yhiw', 'gadw']
223546	224370	NZ_JBMAZT010000003.1	Multiple hits	2	2	98.54	gadX	CARD	ARO:3000508	antibiotic_resistance	"""GadX is an AraC-family regulator that promotes mdtEF expression to confer multidrug resistance."" [PMID:18297445]"	['ARO:3000451']	['regulates ARO:3000788', 'regulates ARO:3003838']	['gadx']
134704	135381	NZ_JBMAZT010000013.1	Multiple hits	2	2	99.11	kdpE	CARD	ARO:3003841	antibiotic_resistance	"""kdpE is a transcriptional activator that is part of the two-component system KdpD/KdpE that is studied for its regulatory role in potassium transport and has been identified as an adaptive regulator involved in the virulence and intracellular survival of pathogenic bacteria. kdpE regulates a range of virulence loci through direct promoter binding."" [PMID:23555240, PMID:12618449]"	['ARO:3000750']	['part_of ARO:3004046']	['kdpe']
80531	81475	NZ_JBMAZT010000009.1	Multiple hits	2	2	98.73	leuO	CARD	ARO:3003843	antibiotic_resistance	"""leuO, a LysR family transcription factor, exists in a wide variety of bacteria of the family Enterobacteriaceae and is involved in the regulation of as yet unidentified genes affecting the stress response and pathogenesis expression. LeuO is also an activator of the MdtNOP efflux pump."" [PMID:21883529, PMID:19429622]"	['ARO:3000451']	['regulates ARO:3004101']	['leuo']
20815	21198	NZ_JBMAZT010000016.1	Multiple hits	2	2	100.0	marA	CARD	ARO:3000263	antibiotic_resistance	"""In the presence of antibiotic stress, E. coli overexpresses the global activator protein MarA, which besides inducing MDR efflux pump AcrAB, also down- regulates synthesis of the porin OmpF."" [PMID:12027588, PMID:9333027, PMID:2848006]"	['ARO:3000270', 'ARO:3000451']	['regulates ARO:3000265', 'regulates ARO:3000384']	['mara']
275920	277167	NZ_JBMAZT010000002.1	Multiple hits	2	2	99.52	mdtA	CARD	ARO:3000792	antibiotic_resistance	"""MdtA is the membrane fusion protein of the multidrug efflux complex mdtABC."" [PMID:12107133]"	['ARO:3000748']	['part_of ARO:3000787']	['mdta', 'yegm']
272798	275920	NZ_JBMAZT010000002.1	Multiple hits	2	2	99.52	mdtB	CARD	ARO:3000793	antibiotic_resistance	"""MdtB is a transporter that forms a heteromultimer complex with MdtC to form a multidrug transporter. MdtBC is part of the MdtABC-TolC efflux complex."" [PMID:12107133]"	['ARO:3000748']	['part_of ARO:3000787']	['mdtb', 'yegn']
269720	272797	NZ_JBMAZT010000002.1	Multiple hits	2	2	99.71	mdtC	CARD	ARO:3000794	antibiotic_resistance	"""MdtC is a transporter that forms a heteromultimer complex with MdtB to form a multidrug transporter. MdtBC is part of the MdtABC-TolC efflux complex. In the absence of MdtB, MdtC can form a homomultimer complex that results in a functioning efflux complex with a narrower drug specificity. mdtC corresponds to 3 loci in Pseudomonas aeruginosa PAO1 (gene name: muxC/muxB) and 3 loci in Pseudomonas aeruginosa LESB58."" [PMID:12107133]"	['ARO:3000748']	['part_of ARO:3000787']	['mdtc', 'yego']
217792	218949	NZ_JBMAZT010000003.1	Multiple hits	2	2	100.0	mdtE	CARD	ARO:3000795	antibiotic_resistance	"""MdtE is the membrane fusion protein of the MdtEF multidrug efflux complex. It shares 70% sequence similarity with AcrA."" [PMID:23380871]"	['ARO:3000748']	['part_of ARO:3000788']	['yhiu', 'mdte']
218974	222087	NZ_JBMAZT010000003.1	Multiple hits	2	2	99.81	mdtF	CARD	ARO:3000796	antibiotic_resistance	"""MdtF is the multidrug inner membrane transporter for the MdtEF-TolC efflux complex."" [PMID:11914367]"	['ARO:3000748']	['part_of ARO:3000788']	['yhiv', 'mdtf']
228969	230195	NZ_JBMAZT010000006.1	Multiple hits	2	2	100.0	mdtG	CARD	ARO:3001329	antibiotic_resistance	"""The MdtG protein, also named YceE, appears to be a member of the major facilitator superfamily of transporters, and it has been reported, when overexpressed, to increase fosfomycin and deoxycholate resistances. mdtG is a member of the marA-soxS-rob regulon."" [PMID:20008776]"	['ARO:0010002']	['confers_resistance_to_antibiotic ARO:0000025']	['mdtg', 'ycee']
219130	220338	NZ_JBMAZT010000006.1	Multiple hits	2	2	99.75	mdtH	CARD	ARO:3001216	antibiotic_resistance	"""Multidrug resistance protein MdtH."" [PMID:19678712, PMID:15686558]"	['ARO:0010002']	['confers_resistance_to_antibiotic ARO:0000023', 'confers_resistance_to_antibiotic ARO:3000662']	['mdth']
60165	61391	NZ_JBMAZT010000020.1	Multiple hits	3	3	97.8	mdtM	CARD	ARO:3001214	antibiotic_resistance	"""Multidrug resistance protein MdtM."" [PMID:23221628]"	['ARO:0010002']	['confers_resistance_to_antibiotic ARO:0000045', 'confers_resistance_to_antibiotic ARO:0000046', 'confers_resistance_to_antibiotic ARO:0000047', 'confers_resistance_to_antibiotic ARO:3000385', 'confers_resistance_to_antibiotic ARO:3000662']	['eck4328', 'jw4300', 'mdtm', 'yjio']
91378	92409	NZ_JBMAZT010000012.1	Multiple hits	2	2	99.71	mdtN	CARD	ARO:3003548	antibiotic_resistance	"""Multidrug resistance efflux pump. Could be involved in resistance to puromycin, acriflavine and tetraphenylarsonium chloride."" [PMID:8021163, PMID:19429622, PMID:11257026]"	['ARO:3000748']	['part_of ARO:3004101']	['mdtn', 'sdsr', 'yjcr']
89327	91378	NZ_JBMAZT010000012.1	Multiple hits	2	2	98.54	mdtO	CARD	ARO:3003549	antibiotic_resistance	"""Multidrug resistance efflux pump. Could be involved in resistance to puromycin, acriflavine and tetraphenylarsonium chloride."" [PMID:19429622, PMID:11257026]"	['ARO:3000748']	['part_of ARO:3004101']	['mdto', 'sdsq', 'yjcq']
87864	89330	NZ_JBMAZT010000012.1	Multiple hits	2	2	98.16	mdtP	CARD	ARO:3003550	antibiotic_resistance	"""Multidrug resistance efflux pump. Could be involved in resistance to puromycin, acriflavine and tetraphenylarsonium chloride."" [PMID:11257026, PMID:19429622]"	['ARO:3000748']	['part_of ARO:3004101']	['mdtp', 'sdsp', 'yjcp']
119746	121494	NZ_JBMAZT010000007.1	Multiple hits	2	2	100.0	msbA	CARD	ARO:3003950	antibiotic_resistance	"""MsbA is a multidrug resistance transporter homolog from E. coli and belongs to a superfamily of transporters that contain an adenosine triphosphate (ATP) binding cassette (ABC) which is also called a nucleotide-binding domain (NBD). MsbA is a member of the MDR-ABC transporter group by sequence homology. MsbA transports lipid A, a major component of the bacterial outer cell membrane, and is the only bacterial ABC transporter that is essential for cell viability."" [PMID:19678712, PMID:12358070, PMID:12195740, PMID:27499013]"	['ARO:0010001']	['confers_resistance_to_antibiotic ARO:3000689']	['msba']
88417	89772	NZ_JBMAZT010000002.1	Multiple hits	2	2	100.0	Detection_Model:Protein	CARD	ARO:3003889	antibiotic_resistance	"""Point mutations to the active importer GlpT, which is involved with the uptake of many phosphorylated sugars, confer resistance to fosfomycin by reducing import of the drug into the bacteria."" [PMID:20071153, PMID:12936984]"	['ARO:0000031', 'ARO:3004247']	['confers_resistance_to_antibiotic ARO:0000025']	['ecol_glpt_fof']
101208	103835	NZ_JBMAZT010000002.1	Multiple hits	3	3	99.77	Escherichia coli gyrA conferring resistance to fluoroquinolones	CARD	ARO:3003294	antibiotic_resistance	"""Point mutation of Escherichia coli gyrA resulted in the lowered affinity between fluoroquinolones and gyrA. Thus, conferring resistance."" [PMID:7840592, PMID:2168148, PMID:25631675, PMID:8388197, PMID:1850972, PMID:2548439]"	['ARO:3003292']	['confers_resistance_to_antibiotic ARO:0000023', 'confers_resistance_to_antibiotic ARO:0000036', 'confers_resistance_to_antibiotic ARO:0000071', 'confers_resistance_to_antibiotic ARO:0000074', 'confers_resistance_to_antibiotic ARO:3000659', 'confers_resistance_to_antibiotic ARO:3000660', 'confers_resistance_to_antibiotic ARO:3000661', 'confers_resistance_to_antibiotic ARO:3000662', 'confers_resistance_to_antibiotic ARO:3000663', 'confers_resistance_to_antibiotic ARO:3000664', 'confers_resistance_to_antibiotic ARO:3000665', 'confers_resistance_to_antibiotic ARO:3000666', 'confers_resistance_to_antibiotic ARO:3000762']	['ecol_gyra_flo']
252652	254907	NZ_JBMAZT010000004.1	Multiple hits	2	2	100.0	Detection_Model:Protein	CARD	ARO:3003308	antibiotic_resistance	"""Point mutation in Escherichia coli parC resulting in fluoroquinolone resistance."" [PMID:25631675]"	['ARO:3000619']	['confers_resistance_to_antibiotic ARO:0000023', 'confers_resistance_to_antibiotic ARO:0000036', 'confers_resistance_to_antibiotic ARO:0000071', 'confers_resistance_to_antibiotic ARO:0000074', 'confers_resistance_to_antibiotic ARO:3000659', 'confers_resistance_to_antibiotic ARO:3000660', 'confers_resistance_to_antibiotic ARO:3000661', 'confers_resistance_to_antibiotic ARO:3000662', 'confers_resistance_to_antibiotic ARO:3000663', 'confers_resistance_to_antibiotic ARO:3000664', 'confers_resistance_to_antibiotic ARO:3000665', 'confers_resistance_to_antibiotic ARO:3000666', 'confers_resistance_to_antibiotic ARO:3000762']	['ecol_parc_flo']
113303	114391	NZ_JBMAZT010000012.1	Single Hit	1	1	99.45	pmrB	CARD	ARO:3003583	antibiotic_resistance	"""Histidine protein kinase sensor Lipid A modification gene; part of a two-component system involved in polymyxin resistance that senses high extracellular Fe(2+)."" [PMID:14507375, PMID:25006521]"	['ARO:3000750']	['part_of ARO:3003579']	['bass', 'pmrb']
5218	6414	NZ_JBMAZT010000046.1	Multiple hits	2	2	100.0	tet(A)	CARD	ARO:3000165	antibiotic_resistance	"""TetA is a tetracycline efflux pump found in many species of Gram-negative bacteria."" [PMID:15837373, PMID:8821947]"	['ARO:0010002']	['confers_resistance_to_antibiotic ARO:0000051']	['tet(a)', 'teta']
72289	73941	NZ_JBMAZT010000002.1	Single Hit	1	1	63.88	ArnT	CARD	ARO:3005053	antibiotic_resistance	"""ArnT is involved in Cell Wall Biosynthesis, specifically 4-amino-4-deoxy-L-arabinose (Ara4N). It confers resistance to peptide antibiotics."" [PMID:25341126]"	['ARO:3004269']	['confers_resistance_to_antibiotic ARO:3000622', 'confers_resistance_to_antibiotic ARO:3000624']	['arnt']
36745	37392	NZ_JBMAZT010000015.1	Single Hit	1	1	99.53	Escherichia coli AcrAB-TolC with AcrR mutation conferring resistance to ciprofloxacin, tetracycline, and ceftazidime	CARD	ARO:3003807	antibiotic_resistance	"""AcrR is a repressor of the AcrAB-TolC multidrug efflux complex. AcrR mutations result in high level antibiotic resistance. The mutations associated with this model are specific to E. coli."" [PMID:16189130]"	['ARO:3000702']	['confers_resistance_to_antibiotic ARO:0000036', 'confers_resistance_to_antibiotic ARO:0000051', 'confers_resistance_to_antibiotic ARO:0000060']	['ecol_acrr_mult']
21218	21652	NZ_JBMAZT010000016.1	Single Hit	1	1	98.61	Escherichia coli AcrAB-TolC with MarR mutations conferring resistance to ciprofloxacin and tetracycline	CARD	ARO:3003378	antibiotic_resistance	"""MarR is a repressor of the mar operon marRAB, thus regulating the expression of marA, the activator of multidrug efflux pump AcrAB."" [PMID:10760140, PMID:9687412, PMID:8807064, PMID:9333027, PMID:12027588, PMID:8550435, PMID:11302826]"	['ARO:3000718']	['confers_resistance_to_antibiotic ARO:0000036', 'confers_resistance_to_antibiotic ARO:0000051']	['ecol_marr_mult']
66334	66798	NZ_JBMAZT010000012.1	Single Hit	1	1	100.0	Escherichia coli soxR with mutation conferring antibiotic resistance	CARD	ARO:3003381	antibiotic_resistance	"""SoxR is a sensory protein that upregulates soxS expression in the presence of redox-cycling drugs. This stress response leads to the expression many multidrug efflux pumps."" [PMID:11302826, PMID:15980345, PMID:21226770]"	['ARO:3000836']	['confers_resistance_to_antibiotic ARO:0000036', 'confers_resistance_to_antibiotic ARO:3000385', 'confers_resistance_to_antibiotic ARO:3000661']	['ecol_soxr_mult']
65925	66248	NZ_JBMAZT010000012.1	Single Hit	1	1	100.0	Escherichia coli soxS with mutation conferring antibiotic resistance	CARD	ARO:3003511	antibiotic_resistance	"""SoxS is a global regulator that up-regulates the expression of AcrAB efflux genes. It also reduces OmpF expression to decrease cell membrane permeability."" [PMID:25921515]"	['ARO:3000837']	['confers_resistance_to_antibiotic ARO:0000036', 'confers_resistance_to_antibiotic ARO:3000385', 'confers_resistance_to_antibiotic ARO:3007045']	['ecol_soxs_mult']
87576	89342	NZ_JBMAZT010000009.1	Single Hit	1	1	53.11	Haemophilus influenzae PBP3 conferring resistance to beta-lactam antibiotics	CARD	ARO:3004446	antibiotic_resistance	"""PBP3 is a penicillin-binding protein and beta-lactam resistance enzyme encoded by the ftsI gene in Haemophilus influenzae. Mutations in ftsI confer resistance to beta-lactam antibiotics."" [PMID:29352811]"	['ARO:3003938']	['confers_resistance_to_antibiotic ARO:0000062', 'confers_resistance_to_antibiotic ARO:3000637', 'confers_resistance_to_antibiotic ARO:3000644', 'confers_resistance_to_antibiotic ARO:3000645', 'confers_resistance_to_antibiotic ARO:3000649', 'confers_resistance_to_antibiotic ARO:3000650']	['hinf_pbp3_bla']
142593	142958	NZ_JBMAZT010000010.1	Single Hit	1	1	82.2	Klebsiella pneumoniae KpnE	CARD	ARO:3004580	antibiotic_resistance	"""KpnE subunit of KpnEF resembles EbrAB from E. coli. Mutation in KpnEF resulted in increased susceptibility to cefepime, ceftriaxon, colistin, erythromycin, rifampin, tetracycline, and streptomycin as well as enhanced sensitivity toward sodium dodecyl sulfate, deoxycholate, dyes, benzalkonium chloride, chlorhexidine, and triclosan."" [PMID:23836167]"	['ARO:3000748']	['confers_resistance_to_drug_class ARO:0000032', 'part_of ARO:3004585']	['a6t8s5', 'kpne_kpne']
142945	143274	NZ_JBMAZT010000010.1	Single Hit	1	1	84.4	Klebsiella pneumoniae KpnF	CARD	ARO:3004583	antibiotic_resistance	"""KpnF subunit of KpnEF resembles EbrAB from E. coli. Mutation in KpnEF resulted in increased susceptibility to cefepime, ceftriaxon, colistin, erythromycin, rifampin, tetracycline, and streptomycin as well as enhanced sensitivity toward sodium dodecyl sulfate, deoxycholate, dyes, benzalkonium chloride, chlorhexidine, and triclosan."" [PMID:23836167]"	['ARO:3000748']	['confers_resistance_to_drug_class ARO:0000032', 'part_of ARO:3004585']	['a6t8s6', 'kpne_kpnf']
266185	266907	NZ_JBMAZT010000002.1	Single Hit	1	1	99.58	baeR	CARD	ARO:3000828	antibiotic_resistance	"""BaeR is a response regulator that promotes the expression of MdtABC and AcrD efflux complexes."" [PMID:12107133, PMID:37345941]"	['ARO:3000750']	['part_of ARO:3000531']	['baer']
266904	268307	NZ_JBMAZT010000002.1	Single Hit	1	1	100.0	baeS	CARD	ARO:3000829	antibiotic_resistance	"""BaeS is a sensor kinase in the BaeSR regulatory system. While it phosphorylates BaeR to increase its activity, BaeS is not necessary for overexpressed BaeR to confer resistance."" [PMID:12107134, PMID:37345941, PMID:15716448]"	['ARO:3000750']	['part_of ARO:3000531']	['baes']
31580	31765	NZ_JBMAZT010000001.1	Single Hit	1	1	85.25	rsmA	CARD	ARO:3005069	antibiotic_resistance	"""rsmA is a gene that regulates virulence of Pseudomonas aeruginosa. However, its negative effect on MexEF-OprN overexpression has been noted to confer resistance to various antibiotics. It's Escherichia coli homolog is csrA."" [PMID:11673439, PMID:16622241]"	['ARO:3000451']	['regulates ARO:3000798']	['csra', 'rsma']
124326	125420	NZ_JBMAZT010000015.1	Single Hit	1	1	39.5	vanG	CARD	ARO:3002909	antibiotic_resistance	"""VanG is a D-Ala-D-Ala ligase homolog that can synthesize D-Ala-D-Ser, an alternative substrate for peptidoglycan synthesis that reduces vancomycin binding affinity in Enterococcus faecalis."" [PMID:12426332, PMID:16323116]"	['ARO:3002979']	['part_of ARO:3000257']	['vang']
