input_file_name	gene_symbol	gene_name	reference_database_name	reference_database_version	reference_accession	analysis_software_name	analysis_software_version	genetic_variation_type	antimicrobial_agent	coverage_percentage	coverage_depth	coverage_ratio	drug_class	input_gene_length	input_gene_start	input_gene_stop	input_protein_length	input_protein_start	input_protein_stop	input_sequence_id	nucleotide_mutation	nucleotide_mutation_interpretation	predicted_phenotype	predicted_phenotype_confidence_level	amino_acid_mutation	amino_acid_mutation_interpretation	reference_gene_length	reference_gene_start	reference_gene_stop	reference_protein_length	reference_protein_start	reference_protein_stop	resistance_mechanism	strand_orientation	sequence_identity	harmonize_gene_symbol
CCI165_S85_contigs	(AGly)aadA1-pm	(AGly)aadA1-pm	argannot	1.0.0	JQ690540:7968-8798	abricate	1.0.1	gene_presence_detected		96.51					451.0	1252.0				CCI165_S85_contig_74														-	99.88	aadA1
CCI165_S85_contigs	(AGly)strA	(AGly)strA	argannot	1.0.0	AB366441:22458-23261	abricate	1.0.1	gene_presence_detected		100.0					3274.0	4077.0				CCI165_S85_contig_59														-	100.0	aph(3'')-Ib
CCI165_S85_contigs	(AGly)strB	(AGly)strB	argannot	1.0.0	FJ474091:264-1100	abricate	1.0.1	gene_presence_detected		100.0					2438.0	3274.0				CCI165_S85_contig_59														-	100.0	aph(6)-Id
CCI165_S85_contigs	(Bla)Penicillin_Binding_Protein_Ecoli	(Bla)Penicillin_Binding_Protein_Ecoli	argannot	1.0.0	CP002291:664439-666340	abricate	1.0.1	gene_presence_detected		100.0					396943.0	398844.0				CCI165_S85_contig_1														+	81.6	(Bla)Penicillin_Binding_Protein_Ecoli
CCI165_S85_contigs	(Bla)ampH	(Bla)ampH	argannot	1.0.0	CP003785:4208384-4209544	abricate	1.0.1	gene_presence_detected		100.0					193201.0	194361.0				CCI165_S85_contig_4														+	95.95	(Bla)ampH
CCI165_S85_contigs	(Bla)blaOKP-B-17	(Bla)blaOKP-B-17	argannot	1.0.0	AM850919:25-885	abricate	1.0.1	gene_presence_detected		99.88					263329.0	264188.0				CCI165_S85_contig_2														-	100.0	blaOKP-B-17
CCI165_S85_contigs	(Fcyn)FosA5	(Fcyn)FosA5	argannot	1.0.0	KP143090:1200-1619	abricate	1.0.1	gene_presence_detected		100.0					127705.0	128124.0				CCI165_S85_contig_13														-	93.33	fosA
CCI165_S85_contigs	(Flq)OqxA	(Flq)OqxA	argannot	1.0.0	EU370913:46652-47827	abricate	1.0.1	gene_presence_detected		100.0					44086.0	45261.0				CCI165_S85_contig_8														+	93.62	oqxA
CCI165_S85_contigs	(Flq)OqxBgb	(Flq)OqxBgb	argannot	1.0.0	EU370913:47851-51003	abricate	1.0.1	gene_presence_detected		100.0					45285.0	48437.0				CCI165_S85_contig_8														+	95.4	oqxB
CCI165_S85_contigs	(Sul)sul2	(Sul)sul2	argannot	1.0.0	EU360945:1617-2432	abricate	1.0.1	gene_presence_detected		100.0					4351.0	5166.0				CCI165_S85_contig_63														-	100.0	sul2
CCI165_S85_contigs	(Tmt)dfrA1	(Tmt)dfrA1	argannot	1.0.0	JQ794607:474	abricate	1.0.1	gene_presence_detected		100.0					1335.0	1808.0				CCI165_S85_contig_74														-	99.79	dfrA1
CCI165_S85_contigs	APH(3'')-Ib	APH(3'')-Ib is an aminoglycoside phosphotransferase encoded by plasmids transposons integrative conjugative elements and chromosomes in Enterobacteriaceae and Pseudomonas spp.	card	1.0.0	AF313472.2:15593-16397	abricate	1.0.1	gene_presence_detected		100.0			aminoglycoside		3274.0	4077.0				CCI165_S85_contig_59														-	99.88	aph(3'')-Ib
CCI165_S85_contigs	APH(6)-Id	APH(6)-Id is an aminoglycoside phosphotransferase encoded by plasmids integrative conjugative elements and chromosomal genomic islands in K. pneumoniae Salmonella spp. E. coli Shigella flexneri Providencia alcalifaciens Pseudomonas spp. V. cholerae Edwardsiella tarda Pasteurella multocida and Aeromonas bestiarum.	card	1.0.0	AF024602.1:3155-3992	abricate	1.0.1	gene_presence_detected		100.0			aminoglycoside		2438.0	3274.0				CCI165_S85_contig_59														-	99.88	aph(6)-Id
CCI165_S85_contigs	ArnT	ArnT is involved in Cell Wall Biosynthesis specifically 4-amino-4-deoxy-L-arabinose (Ara4N). It confers resistance to peptide antibiotics.	card	1.0.0	FO834906.1:304977-306633	abricate	1.0.1	gene_presence_detected		100.0			peptide		127290.0	128945.0				CCI165_S85_contig_16														-	94.63	ArnT
CCI165_S85_contigs	CRP	CRP is a global regulator that represses MdtEF multidrug efflux pump expression.	card	1.0.0	AP009048.1:4154296-4153663	abricate	1.0.1	gene_presence_detected		100.0			fluoroquinolone;macrolide;penam		15138.0	15770.0				CCI165_S85_contig_16														+	87.36	CRP
CCI165_S85_contigs	FosA6	FosA6 is a plasmid-encoded enzyme that confers resistance to fosfomycin in Escherichia coli by breaking the epoxide ring of the molecule.	card	1.0.0	KU254579.1:59421-59841	abricate	1.0.1	gene_presence_detected		100.0			phosphonic_acid		127705.0	128124.0				CCI165_S85_contig_13														-	93.33	fosA
CCI165_S85_contigs	H-NS	H-NS is a histone-like protein involved in global gene regulation in Gram-negative bacteria. It is a repressor of the membrane fusion protein genes acrE mdtE and emrK as well as nearby genes of many RND-type multidrug exporters.	card	1.0.0	BA000007.3:1738104-1737690	abricate	1.0.1	gene_presence_detected		97.83			cephalosporin;cephamycin;fluoroquinolone;macrolide;penam;tetracycline		196545.0	196949.0				CCI165_S85_contig_3														+	87.16	H-NS
CCI165_S85_contigs	Klebsiella_pneumoniae_KpnE	KpnE subunit of KpnEF resembles EbrAB from E. coli. Mutation in KpnEF resulted in increased susceptibility to cefepime ceftriaxon colistin erythromycin rifampin tetracycline and streptomycin as well as enhanced sensitivity toward sodium dodecyl sulfate deoxycholate dyes benzalkonium chloride chlorhexidine and triclosan.	card	1.0.0	AP006725.1:2483889-2484252	abricate	1.0.1	gene_presence_detected		100.0			aminoglycoside;cephalosporin;disinfecting_agents_and_antiseptics;macrolide;peptide;rifamycin;tetracycline		220754.0	221116.0				CCI165_S85_contig_2														+	89.26	Klebsiella_pneumoniae_KpnE
CCI165_S85_contigs	Klebsiella_pneumoniae_KpnF	KpnF subunit of KpnEF resembles EbrAB from E. coli. Mutation in KpnEF resulted in increased susceptibility to cefepime ceftriaxon colistin erythromycin rifampin tetracycline and streptomycin as well as enhanced sensitivity toward sodium dodecyl sulfate deoxycholate dyes benzalkonium chloride chlorhexidine and triclosan.	card	1.0.0	AP006725.1:2484238-2484568	abricate	1.0.1	gene_presence_detected		100.0			aminoglycoside;cephalosporin;disinfecting_agents_and_antiseptics;macrolide;peptide;rifamycin;tetracycline		221103.0	221432.0				CCI165_S85_contig_2														+	93.03	Klebsiella_pneumoniae_KpnF
CCI165_S85_contigs	Klebsiella_pneumoniae_KpnG	KpnG consists of ~390 residues and resembles EmrA of E. coli. Disruption of the pump components KpnG-KpnH signficantly decrease resistance to azithromycin ceftazidime ciprofloxacin ertapenem erythromycin gentamicin imipenem ticarcillin norfloxacin polymyxin-B piperacillin spectinomycin tobramycin and streptomycin.	card	1.0.0	ACWO01000051.1:22092-23265	abricate	1.0.1	gene_presence_detected		100.0			aminoglycoside;carbapenem;cephalosporin;fluoroquinolone;macrolide;penam;penem;peptide		112303.0	113475.0				CCI165_S85_contig_8														+	94.63	Klebsiella_pneumoniae_KpnG
CCI165_S85_contigs	Klebsiella_pneumoniae_KpnH	KpnH consists of ~511 residues resembles EmrB of E. coli and is probably a translocase in the KpnGH-TolC efflux protein in K. pneumoniae. Disruption of the pump components KpnG-KpnH signficantly decrease resistance to azithromycin ceftazidime ciprofloxacin ertapenem erythromycin gentamicin imipenem ticarcillin norfloxacin polymyxin-B piperacillin spectinomycin tobramycin and streptomycin.	card	1.0.0	ASTU01000063.1:61248-62787	abricate	1.0.1	gene_presence_detected		100.0			aminoglycoside;carbapenem;cephalosporin;fluoroquinolone;macrolide;penam;penem;peptide		113491.0	115029.0				CCI165_S85_contig_8														+	84.34	Klebsiella_pneumoniae_KpnH
CCI165_S85_contigs	Klebsiella_pneumoniae_OmpK37	Klebsiella pneumoniae outer membrane porin protein. Is preferentially detected in porin-deficient strains. Functional characterization of this new porin revealed a narrower pore than those of porins OmpK35 and OmpK36 which did not allow penetration by certain beta-lactams. Also when a resistant strain expresses porin OmpK37 is less susceptible to cefotaxime and cefoxitin than when it is expressing either OmpK36 or OmpK35.	card	1.0.0	AJ011502.1:300-1425	abricate	1.0.1	gene_presence_detected		100.0			carbapenem;cephalosporin;cephamycin;monobactam;penam;penem		6858.0	7982.0				CCI165_S85_contig_35														-	92.71	Klebsiella_pneumoniae_OmpK37
CCI165_S85_contigs	Klebsiella_pneumoniae_acrA	AcrA is a subunit of the AcrAB multidrug efflux system that is found in K. pneumoniae which is encoded by the acrRAB operon.	card	1.0.0	AJ318073.1:793-1990	abricate	1.0.1	gene_presence_detected		99.75			cephalosporin;disinfecting_agents_and_antiseptics;fluoroquinolone;glycylcycline;penam;phenicol;rifamycin;tetracycline		63059.0	64252.0				CCI165_S85_contig_4														+	94.9	Klebsiella_pneumoniae_acrA
CCI165_S85_contigs	LptD	LptD is involved in LPS transport in a ABC Transporter efflux system. It confers resistance to rifamycin aminocoumarin and peptide antibiotics.	card	1.0.0	CP007727.1:809555-807206	abricate	1.0.1	gene_presence_detected		100.0			aminocoumarin;carbapenem;peptide;rifamycin		20752.0	23100.0				CCI165_S85_contig_12														-	95.78	LptD
CCI165_S85_contigs	MdtQ	MdtQ is a putative multidrug resistance outer membrane protein found in carbapenem resistant Klebsiella pneumoniae.	card	1.0.0	CP133868.1:5053037-5051597	abricate	1.0.1	gene_presence_detected		100.0			carbapenem;cephalosporin;cephamycin;monobactam;penam;penem		100957.0	102396.0				CCI165_S85_contig_19														-	92.92	MdtQ
CCI165_S85_contigs	OKP-B-17	OKP-B-17 is a beta-lactamase found in Klebsiella pneumoniae.	card	1.0.0	AM850919.2:24-885	abricate	1.0.1	gene_presence_detected		99.88			cephalosporin;penam		263329.0	264188.0				CCI165_S85_contig_2														-	100.0	blaOKP-B-17
CCI165_S85_contigs	OmpA	OmpA is a porin that confers resistance to beta-lactam antibiotics.	card	1.0.0	FO834906.1:2175099-2173974	abricate	1.0.1	gene_presence_detected		100.0			peptide		55967.0	57091.0				CCI165_S85_contig_1														+	97.96	OmpA
CCI165_S85_contigs	aadA	ANT(3'')-Ia is an aminoglycoside nucleotidyltransferase gene encoded by plasmids transposons integrons in Enterobacteriaceae A. baumannii P. aeruginosa and Vibrio cholerae.	card	1.0.0	AF550679.1:81768-80976	abricate	1.0.1	gene_presence_detected		100.0			aminoglycoside		451.0	1242.0				CCI165_S85_contig_74														-	99.75	aadA1
CCI165_S85_contigs	acrB	Protein subunit of AcrA-AcrB-TolC multidrug efflux complex. AcrB functions as a herterotrimer which forms the inner membrane component and is primarily responsible for substrate recognition and energy transduction by acting as a drug/proton antiporter.	card	1.0.0	U00096.3:484403-481253	abricate	1.0.1	gene_presence_detected		99.84			cephalosporin;disinfecting_agents_and_antiseptics;fluoroquinolone;glycylcycline;penam;phenicol;rifamycin;tetracycline		64275.0	67419.0				CCI165_S85_contig_4														+	83.58	acrB
CCI165_S85_contigs	acrD	AcrD is an aminoglycoside efflux pump expressed in E. coli. Its expression can be induced by indole and is regulated by baeRS and cpxAR.	card	1.0.0	AP009048.1:2586250-2589364	abricate	1.0.1	gene_presence_detected		99.97			aminoglycoside		104600.0	107713.0				CCI165_S85_contig_15														-	80.64	acrD
CCI165_S85_contigs	bacA	The bacA gene product (BacA) recycles undecaprenyl pyrophosphate during cell wall biosynthesis which confers resistance to bacitracin.	card	1.0.0	U00096.3:3204131-3203309	abricate	1.0.1	gene_presence_detected		100.0			peptide		50473.0	51294.0				CCI165_S85_contig_11														-	80.41	bacA
CCI165_S85_contigs	cpxA	CpxA is a membrane-localized sensor kinase that is activated by envelope stress. It starts a kinase cascade that activates CpxR which promotes efflux complex expression.	card	1.0.0	BA000007.3:4905062-4903688	abricate	1.0.1	gene_presence_detected		99.49			aminocoumarin;aminoglycoside		41061.0	42427.0				CCI165_S85_contig_21														+	81.56	cpxA
CCI165_S85_contigs	dfrA1	dfrA1 is an integron-encoded dihydrofolate reductase.	card	1.0.0	KJ541681.1:19526-20000	abricate	1.0.1	gene_presence_detected		100.0			diaminopyrimidine		1335.0	1808.0				CCI165_S85_contig_74														-	100.0	dfrA1
CCI165_S85_contigs	emrR	EmrR is a negative regulator for the EmrAB-TolC multidrug efflux pump in E. coli. Mutations lead to EmrAB-TolC overexpression.	card	1.0.0	U00096.3:2810769-2811300	abricate	1.0.1	gene_presence_detected		96.05			fluoroquinolone		111647.0	112156.0				CCI165_S85_contig_8														+	83.33	emrR
CCI165_S85_contigs	eptB	eptB is a phosphoethanolamine transferase. It confers resistance to peptide antibiotics.	card	1.0.0	FO203501.1:5123640-5125365	abricate	1.0.1	gene_presence_detected		99.94			peptide		135724.0	137447.0				CCI165_S85_contig_7														+	94.43	eptB
CCI165_S85_contigs	marA	In the presence of antibiotic stress E. coli overexpresses the global activator protein MarA which besides inducing MDR efflux pump AcrAB also down- regulates synthesis of the porin OmpF.	card	1.0.0	AP009048.1:1621287-1621671	abricate	1.0.1	gene_presence_detected		96.09			carbapenem;cephalosporin;cephamycin;disinfecting_agents_and_antiseptics;fluoroquinolone;glycylcycline;monobactam;penam;penem;phenicol;rifamycin;tetracycline		284303.0	284671.0				CCI165_S85_contig_2														-	81.57	marA
CCI165_S85_contigs	mdtB	MdtB is a transporter that forms a heteromultimer complex with MdtC to form a multidrug transporter. MdtBC is part of the MdtABC-TolC efflux complex.	card	1.0.0	U00096.1:2155262-2158385	abricate	1.0.1	gene_presence_detected		99.94			aminocoumarin		37630.0	40752.0				CCI165_S85_contig_19														+	80.86	mdtB
CCI165_S85_contigs	mdtC	MdtC is a transporter that forms a heteromultimer complex with MdtB to form a multidrug transporter. MdtBC is part of the MdtABC-TolC efflux complex. In the absence of MdtB MdtC can form a homomultimer complex that results in a functioning efflux complex with a narrower drug specificity. mdtC corresponds to 3 loci in Pseudomonas aeruginosa PAO1 (gene name: muxC/muxB) and 3 loci in Pseudomonas aeruginosa LESB58.	card	1.0.0	U00096.1:2158385-2161463	abricate	1.0.1	gene_presence_detected		100.0			aminocoumarin		40753.0	43830.0				CCI165_S85_contig_19														+	81.9	mdtC
CCI165_S85_contigs	msbA	MsbA is a multidrug resistance transporter homolog from E. coli and belongs to a superfamily of transporters that contain an adenosine triphosphate (ATP) binding cassette (ABC) which is also called a nucleotide-binding domain (NBD). MsbA is a member of the MDR-ABC transporter group by sequence homology. MsbA transports lipid A a major component of the bacterial outer cell membrane and is the only bacterial ABC transporter that is essential for cell viability.	card	1.0.0	U00096.3:966620-968369	abricate	1.0.1	gene_presence_detected		100.0			nitroimidazole		100631.0	102379.0				CCI165_S85_contig_1														-	80.96	msbA
CCI165_S85_contigs	oqxA	RND efflux pump conferring resistance to fluoroquinolone.	card	1.0.0	EU370913.1:46651-47827	abricate	1.0.1	gene_presence_detected		100.0			diaminopyrimidine;fluoroquinolone;glycylcycline;nitrofuran;tetracycline		44086.0	45261.0				CCI165_S85_contig_8														+	93.62	oqxA
CCI165_S85_contigs	oqxB	RND efflux pump conferring resistance to fluoroquinolone.	card	1.0.0	EU370913.1:47850-51003	abricate	1.0.1	gene_presence_detected		100.0			diaminopyrimidine;fluoroquinolone;glycylcycline;nitrofuran;tetracycline		45285.0	48437.0				CCI165_S85_contig_8														+	95.4	oqxB
CCI165_S85_contigs	qacEdelta1	QacEdelta1 is a resistance gene conferring resistance to antiseptics. It is different from QacE only at the 3'-terminus.	card	1.0.0	U49101.1:1490-1838	abricate	1.0.1	gene_presence_detected		82.47			disinfecting_agents_and_antiseptics		1.0	287.0				CCI165_S85_contig_74														-	100.0	qacEdelta1
CCI165_S85_contigs	ramA	RamA (resistance antibiotic multiple) is a positive regulator of AcrAB-TolC and leads to high level multidrug resistance in Klebsiella pneumoniae Salmonella enterica and Enterobacter aerugenes increasing the expression of both the mar operon as well as AcrAB. RamA also decreases OmpF expression.	card	1.0.0	JQ727668.1:0-375	abricate	1.0.1	gene_presence_detected		94.4			carbapenem;cephalosporin;cephamycin;disinfecting_agents_and_antiseptics;fluoroquinolone;glycylcycline;monobactam;penam;penem;phenicol;rifamycin;tetracycline		531787.0	532140.0				CCI165_S85_contig_1														-	80.28	ramA
CCI165_S85_contigs	sul2	Sul2 is a sulfonamide resistant dihydropteroate synthase of Gram-negative bacteria usually found on small plasmids.	card	1.0.0	AY055428.1:21084-20268	abricate	1.0.1	gene_presence_detected		100.0			sulfonamide		4351.0	5166.0				CCI165_S85_contig_63														-	100.0	sul2
CCI165_S85_contigs	aadA1	ANT(3'')-Ia family aminoglycoside nucleotidyltransferase AadA1	ncbi	1.0.0	NG_052230.1	abricate	1.0.1	gene_presence_detected		100.0			STREPTOMYCIN		451.0	1242.0				CCI165_S85_contig_74														-	99.87	aadA1
CCI165_S85_contigs	aph(3'')-Ib	aminoglycoside O-phosphotransferase APH(3'')-Ib	ncbi	1.0.0	NG_047413.1	abricate	1.0.1	gene_presence_detected		99.88			STREPTOMYCIN		3274.0	4076.0				CCI165_S85_contig_59														-	100.0	aph(3'')-Ib
CCI165_S85_contigs	aph(6)-Id	aminoglycoside O-phosphotransferase APH(6)-Id	ncbi	1.0.0	NG_047464.1	abricate	1.0.1	gene_presence_detected		100.0			STREPTOMYCIN		2438.0	3274.0				CCI165_S85_contig_59														-	100.0	aph(6)-Id
CCI165_S85_contigs	blaOKP-B-17	broad-spectrum class A beta-lactamase OKP-B-17	ncbi	1.0.0	NG_049374.1	abricate	1.0.1	gene_presence_detected		99.88			BETA-LACTAM		263329.0	264188.0				CCI165_S85_contig_2														-	100.0	blaOKP-B-17
CCI165_S85_contigs	dfrA1	trimethoprim-resistant dihydrofolate reductase DfrA1	ncbi	1.0.0	NG_047677.1	abricate	1.0.1	gene_presence_detected		100.0			TRIMETHOPRIM		1335.0	1808.0				CCI165_S85_contig_74														-	99.79	dfrA1
CCI165_S85_contigs	fosA9	fosfomycin resistance glutathione transferase FosA9	ncbi	1.0.0	NG_076845.1	abricate	1.0.1	gene_presence_detected		100.0			FOSFOMYCIN		127705.0	128124.0				CCI165_S85_contig_13														-	94.52	fosA
CCI165_S85_contigs	oqxA10	multidrug efflux RND transporter periplasmic adaptor subunit OqxA10	ncbi	1.0.0	NG_050418.1	abricate	1.0.1	gene_presence_detected		100.0			PHENICOL;QUINOLONE		44086.0	45261.0				CCI165_S85_contig_8														+	93.88	oqxA
CCI165_S85_contigs	oqxB11	multidrug efflux RND transporter permease subunit OqxB11	ncbi	1.0.0	NG_050429.1	abricate	1.0.1	gene_presence_detected		100.0			PHENICOL;QUINOLONE		45285.0	48437.0				CCI165_S85_contig_8														+	96.0	oqxB
CCI165_S85_contigs	sul2	sulfonamide-resistant dihydropteroate synthase Sul2	ncbi	1.0.0	NG_051852.1	abricate	1.0.1	gene_presence_detected		100.0			SULFONAMIDE		4351.0	5166.0				CCI165_S85_contig_63														-	100.0	sul2
CCI165_S85_contigs	OqxA_1	OqxA	resfinder	1.0.0	EU370913	abricate	1.0.1	gene_presence_detected		100.0			Chloramphenicol;Ciprofloxacin;Nalidixic_acid;Trimethoprim		44086.0	45261.0				CCI165_S85_contig_8														+	93.62	oqxA
CCI165_S85_contigs	OqxB_1	OqxB	resfinder	1.0.0	EU370913	abricate	1.0.1	gene_presence_detected		100.0			Chloramphenicol;Ciprofloxacin;Nalidixic_acid;Trimethoprim		45285.0	48437.0				CCI165_S85_contig_8														+	95.4	oqxB
CCI165_S85_contigs	ant(3'')-Ia_1	ant(3'')-Ia	resfinder	1.0.0	X02340	abricate	1.0.1	gene_presence_detected		82.51			Streptomycin		451.0	1252.0				CCI165_S85_contig_74														-	99.75	aadA1
CCI165_S85_contigs	aph(3'')-Ib_2	aph(3'')-Ib	resfinder	1.0.0	AF024602	abricate	1.0.1	gene_presence_detected		99.88			Streptomycin		3274.0	4076.0				CCI165_S85_contig_59														-	100.0	aph(3'')-Ib
CCI165_S85_contigs	aph(6)-Id_1	aph(6)-Id	resfinder	1.0.0	M28829	abricate	1.0.1	gene_presence_detected		100.0			Streptomycin		2438.0	3274.0				CCI165_S85_contig_59														-	100.0	aph(6)-Id
CCI165_S85_contigs	blaOKP-B-17_1	blaOKP-B-17	resfinder	1.0.0	AM850919	abricate	1.0.1	gene_presence_detected		99.88					263329.0	264188.0				CCI165_S85_contig_2														-	100.0	blaOKP-B-17
CCI165_S85_contigs	dfrA1_10	dfrA1	resfinder	1.0.0	AF203818	abricate	1.0.1	gene_presence_detected		100.0			Trimethoprim		1335.0	1808.0				CCI165_S85_contig_74														-	99.79	dfrA1
CCI165_S85_contigs	fosA_6	fosA	resfinder	1.0.0	ACZD01000244	abricate	1.0.1	gene_presence_detected		100.0			Fosfomycin		127705.0	128124.0				CCI165_S85_contig_13														-	93.81	fosA
CCI165_S85_contigs	sul2_2	sul2	resfinder	1.0.0	AY034138	abricate	1.0.1	gene_presence_detected		100.0			Sulfamethoxazole		4351.0	5166.0				CCI165_S85_contig_63														-	100.0	sul2
amrfinderplus_amr.tsv	aadA1	ANT(3'')-Ia family aminoglycoside nucleotidyltransferase AadA1	NCBI Reference Gene Database	1.0.0	WP_001206317.1	amrfinderplus	3.12.8	gene_presence_detected	STREPTOMYCIN	100.0			AMINOGLYCOSIDE		454.0	1242.0	263.0			CCI165_S85_contig_74										263.0				-	100.0	aadA1
amrfinderplus_amr.tsv	acrR	Klebsiella pneumoniae tigecycline resistant AcrR	NCBI Reference Gene Database	1.0.0	WP_002892080.1	amrfinderplus	3.12.8	protein_variant_detected	TIGECYCLINE	100.0			TETRACYCLINE		62269.0	62916.0	216.0			CCI165_S85_contig_4					p.V165I					216.0				-	98.61	acrR
amrfinderplus_amr.tsv	acrR	Klebsiella pneumoniae tigecycline resistant AcrR	NCBI Reference Gene Database	1.0.0	WP_002892080.1	amrfinderplus	3.12.8	protein_variant_detected	TIGECYCLINE	100.0			TETRACYCLINE		62269.0	62916.0	216.0			CCI165_S85_contig_4					p.Y114F					216.0				-	98.61	acrR
amrfinderplus_amr.tsv	aph(3'')-Ib	aminoglycoside O-phosphotransferase APH(3'')-Ib	NCBI Reference Gene Database	1.0.0	WP_001082319.1	amrfinderplus	3.12.8	gene_presence_detected	STREPTOMYCIN	100.0			AMINOGLYCOSIDE		3277.0	4077.0	267.0			CCI165_S85_contig_59										267.0				-	100.0	aph(3'')-Ib
amrfinderplus_amr.tsv	aph(6)-Id	aminoglycoside O-phosphotransferase APH(6)-Id	NCBI Reference Gene Database	1.0.0	WP_000480968.1	amrfinderplus	3.12.8	gene_presence_detected	STREPTOMYCIN	100.0			AMINOGLYCOSIDE		2441.0	3274.0	278.0			CCI165_S85_contig_59										278.0				-	100.0	aph(6)-Id
amrfinderplus_amr.tsv	blaOKP-B-17	broad-spectrum class A beta-lactamase OKP-B-17	NCBI Reference Gene Database	1.0.0	WP_063860911.1	amrfinderplus	3.12.8	gene_presence_detected	BETA-LACTAM	100.0			BETA-LACTAM		263331.0	264188.0	286.0			CCI165_S85_contig_2										286.0				-	100.0	blaOKP-B-17
amrfinderplus_amr.tsv	dfrA1	trimethoprim-resistant dihydrofolate reductase DfrA1	NCBI Reference Gene Database	1.0.0	WP_000777555.1	amrfinderplus	3.12.8	gene_presence_detected	TRIMETHOPRIM	100.0			TRIMETHOPRIM		1338.0	1808.0	157.0			CCI165_S85_contig_74										157.0				-	100.0	dfrA1
amrfinderplus_amr.tsv	emrD	multidrug efflux MFS transporter EmrD	NCBI Reference Gene Database	1.0.0	ACN65732.1	amrfinderplus	3.12.8	gene_presence_detected	EFFLUX	100.0			EFFLUX		19991.0	21172.0	394.0			CCI165_S85_contig_22										394.0				+	98.48	emrD
amrfinderplus_amr.tsv	fosA	FosA5 family fosfomycin resistance glutathione transferase	NCBI Reference Gene Database	1.0.0	WP_004146118.1	amrfinderplus	3.12.8	gene_presence_detected	FOSFOMYCIN	100.0			FOSFOMYCIN		127708.0	128124.0	139.0			CCI165_S85_contig_13										139.0				-	97.84	fosA
amrfinderplus_amr.tsv	oqxA	multidrug efflux RND transporter periplasmic adaptor subunit OqxA	NCBI Reference Gene Database	1.0.0	WP_002914189.1	amrfinderplus	3.12.8	gene_presence_detected	PHENICOL/QUINOLONE	100.0			PHENICOL/QUINOLONE		44086.0	45258.0	391.0			CCI165_S85_contig_8										391.0				+	96.93	oqxA
amrfinderplus_amr.tsv	oqxB	multidrug efflux RND transporter permease subunit OqxB	NCBI Reference Gene Database	1.0.0	WP_012967412.1	amrfinderplus	3.12.8	gene_presence_detected	PHENICOL/QUINOLONE	100.0			PHENICOL/QUINOLONE		45285.0	48434.0	1050.0			CCI165_S85_contig_8										1050.0				+	99.14	oqxB
amrfinderplus_amr.tsv	oqxR	Klebsiella pneumoniae tigecycline resistant OqxR	NCBI Reference Gene Database	1.0.0	WP_000888203.1	amrfinderplus	3.12.8	protein_variant_detected	TIGECYCLINE	100.0			TETRACYCLINE		48509.0	48985.0	159.0			CCI165_S85_contig_8					p.D95E					159.0				-	98.74	oqxR
amrfinderplus_amr.tsv	sul2	sulfonamide-resistant dihydropteroate synthase Sul2	NCBI Reference Gene Database	1.0.0	WP_001043260.1	amrfinderplus	3.12.8	gene_presence_detected	SULFONAMIDE	100.0			SULFONAMIDE		4354.0	5166.0	271.0			CCI165_S85_contig_63										271.0				-	100.0	sul2
resfinder_asm_results_tab.txt	OqxA	OqxA	resfinder	2.3.1	EU370913	resfinder	4.5.0	gene_presence_detected		100.0			Chloramphenicol, Nalidixic acid, Ciprofloxacin, Trimethoprim		44086.0	45261.0				CCI165_S85_contig_8							1176.0							+	93.62	oqxA
resfinder_asm_results_tab.txt	OqxB	OqxB	resfinder	2.3.1	EU370913	resfinder	4.5.0	gene_presence_detected		100.0			Chloramphenicol, Nalidixic acid, Ciprofloxacin, Trimethoprim		45285.0	48437.0				CCI165_S85_contig_8							3153.0							+	95.4	oqxB
resfinder_asm_results_tab.txt	aadA1	aadA1	resfinder	2.3.1	JX185132	resfinder	4.5.0	gene_presence_detected		100.0			Spectinomycin, Streptomycin		451.0	1242.0				CCI165_S85_contig_74							792.0							-	100.0	aadA1
resfinder_asm_results_tab.txt	aph(3'')-Ib	aph(3'')-Ib	resfinder	2.3.1	AF024602	resfinder	4.5.0	gene_presence_detected		99.8756218905473			Streptomycin		3274.0	4076.0				CCI165_S85_contig_59							803.0							+	100.0	aph(3'')-Ib
resfinder_asm_results_tab.txt	aph(3'')-Ib	aph(3'')-Ib	resfinder	2.3.1	AF321551	resfinder	4.5.0	gene_presence_detected		100.0			Streptomycin		3274.0	4077.0				CCI165_S85_contig_59							804.0							+	99.88	aph(3'')-Ib
resfinder_asm_results_tab.txt	aph(3'')-Ib	aph(3'')-Ib	resfinder	2.3.1	AF313472	resfinder	4.5.0	gene_presence_detected		100.0			Streptomycin		3274.0	4077.0				CCI165_S85_contig_59							804.0							+	99.88	aph(3'')-Ib
resfinder_asm_results_tab.txt	aph(3'')-Ib	aph(3'')-Ib	resfinder	2.3.1	AF321550	resfinder	4.5.0	gene_presence_detected		100.0			Streptomycin		3274.0	4077.0				CCI165_S85_contig_59							804.0							+	99.88	aph(3'')-Ib
resfinder_asm_results_tab.txt	aph(6)-Id	aph(6)-Id	resfinder	2.3.1	M28829	resfinder	4.5.0	gene_presence_detected		100.0			Streptomycin		2438.0	3274.0				CCI165_S85_contig_59							837.0							+	100.0	aph(6)-Id
resfinder_asm_results_tab.txt	blaOKP-B-17	blaOKP-B-17	resfinder	2.3.1	AM850919	resfinder	4.5.0	gene_presence_detected		99.883855981417			Unknown Beta-lactam		263329.0	264188.0				CCI165_S85_contig_2							860.0							+	100.0	blaOKP-B-17
resfinder_asm_results_tab.txt	dfrA1	dfrA1	resfinder	2.3.1	AF203818	resfinder	4.5.0	gene_presence_detected		100.0			Trimethoprim		1335.0	1808.0				CCI165_S85_contig_74							474.0							+	99.79	dfrA1
resfinder_asm_results_tab.txt	dfrA1	dfrA1	resfinder	2.3.1	AJ238350	resfinder	4.5.0	gene_presence_detected		100.0			Trimethoprim		1335.0	1808.0				CCI165_S85_contig_74							474.0							+	99.79	dfrA1
resfinder_asm_results_tab.txt	dfrA1	dfrA1	resfinder	2.3.1	X00926	resfinder	4.5.0	gene_presence_detected		100.0			Trimethoprim		1335.0	1808.0				CCI165_S85_contig_74							474.0							+	99.79	dfrA1
resfinder_asm_results_tab.txt	fosA	fosA	resfinder	2.3.1	ACZD01000244	resfinder	4.5.0	gene_presence_detected		100.0			Fosfomycin		127705.0	128124.0				CCI165_S85_contig_13							420.0							+	93.81	fosA
resfinder_asm_results_tab.txt	sul2	sul2	resfinder	2.3.1	AY034138	resfinder	4.5.0	gene_presence_detected		100.0			Sulfamethoxazole		4351.0	5166.0				CCI165_S85_contig_63							816.0							+	100.0	sul2
resfinder_read_results_tab.txt	OqxA	OqxA	resfinder	2.3.1	EU370913	resfinder	4.5.0	gene_presence_detected		100.0			Chloramphenicol, Nalidixic acid, Ciprofloxacin, Trimethoprim														1176.0								93.62	oqxA
resfinder_read_results_tab.txt	OqxB	OqxB	resfinder	2.3.1	EU370913	resfinder	4.5.0	gene_presence_detected		100.0			Chloramphenicol, Nalidixic acid, Ciprofloxacin, Trimethoprim														3153.0								95.4	oqxB
resfinder_read_results_tab.txt	aadA1	aadA1	resfinder	2.3.1	JX185132	resfinder	4.5.0	gene_presence_detected		100.0			Spectinomycin, Streptomycin														792.0								100.0	aadA1
resfinder_read_results_tab.txt	aph(3'')-Ib	aph(3'')-Ib	resfinder	2.3.1	AF321550	resfinder	4.5.0	gene_presence_detected		93.78			Streptomycin														804.0								93.78	aph(3'')-Ib
resfinder_read_results_tab.txt	aph(3'')-Ib	aph(3'')-Ib	resfinder	2.3.1	AF024602	resfinder	4.5.0	gene_presence_detected		99.88			Streptomycin														803.0								99.88	aph(3'')-Ib
resfinder_read_results_tab.txt	aph(6)-Id	aph(6)-Id	resfinder	2.3.1	M28829	resfinder	4.5.0	gene_presence_detected		100.0			Streptomycin														837.0								100.0	aph(6)-Id
resfinder_read_results_tab.txt	blaOKP-B-17	blaOKP-B-17	resfinder	2.3.1	AM850919	resfinder	4.5.0	gene_presence_detected		100.0			Unknown Beta-lactam														861.0								99.88	blaOKP-B-17
resfinder_read_results_tab.txt	dfrA1	dfrA1	resfinder	2.3.1	EU089668	resfinder	4.5.0	gene_presence_detected		96.62			Trimethoprim														458.0								96.41	dfrA1
resfinder_read_results_tab.txt	fosA	fosA	resfinder	2.3.1	AFBO01000747	resfinder	4.5.0	gene_presence_detected		100.0			Fosfomycin														420.0								93.57	fosA
resfinder_read_results_tab.txt	fosA	fosA	resfinder	2.3.1	ACZD01000244	resfinder	4.5.0	gene_presence_detected		100.0			Fosfomycin														420.0								93.81	fosA
resfinder_read_results_tab.txt	fosA5	fosA5	resfinder	2.3.1	EU195449	resfinder	4.5.0	gene_presence_detected		100.0			Fosfomycin														420.0								93.33	
resfinder_read_results_tab.txt	sul2	sul2	resfinder	2.3.1	AY034138	resfinder	4.5.0	gene_presence_detected		100.0			Sulfamethoxazole														816.0								100.0	sul2
